Datum	Wtag	Sonntag	Losungsvers	Losungstext	Lehrtextvers	Lehrtext
01.01.2018	Montag	Neujahr	5.Mose 5,32	So habt nun acht, dass ihr tut, wie euch der HERR, euer Gott, geboten hat, und weicht nicht, weder zur Rechten noch zur Linken.	Johannes 15,8	/Jesus spricht:/ Darin wird mein Vater verherrlicht, dass ihr viel Frucht bringt und werdet meine Jünger.
02.01.2018	Dienstag		Jesaja 61,1.3	Der HERR hat mich gesandt, zu schaffen den Trauernden zu Zion, dass ihnen Schmuck statt Asche, Freudenöl statt Trauer, schöne Kleider statt eines betrübten Geistes gegeben werden.	Matthäus 11,28	"/Jesus spricht:/ Kommt her zu mir, alle, die ihr mühselig und beladen seid; ich will euch erquicken."
03.01.2018	Mittwoch		Psalm 116,7	"Sei nun wieder zufrieden, meine Seele; denn der HERR tut dir Gutes."	Philipper 4,19	Mein Gott wird all eurem Mangel abhelfen nach seinem Reichtum in Herrlichkeit in Christus Jesus.
04.01.2018	Donnerstag		5.Mose 7,7-8	Nicht hat euch der HERR angenommen und euch erwählt, weil ihr größer wäret als alle Völker – denn du bist das kleinste unter allen Völkern –, sondern weil er euch geliebt hat.	1.Korinther 1,28-29	Was gering ist vor der Welt und was verachtet ist, das hat Gott erwählt, was nichts ist, damit er zunichtemache, was etwas ist, auf dass sich kein Mensch vor Gott rühme.
05.01.2018	Freitag		Psalm 138,3	Wenn ich dich anrufe, so erhörst du mich und gibst meiner Seele große Kraft.	1.Petrus 5,10	Der Gott aller Gnade, der euch berufen hat zu seiner ewigen Herrlichkeit in Christus, der wird euch, die ihr eine kleine Zeit leidet, aufrichten, stärken, kräftigen, gründen.
06.01.2018	Samstag	Epiphanias (Erscheinungsfest)	Jesaja 40,10	Siehe, da ist Gott der HERR! Er kommt gewaltig, und sein Arm wird herrschen.	Lukas 1,78-79	"Unser Gott ist voll Liebe und Erbarmen; er schickt uns den Retter, das Licht, das von oben kommt. Dieses Licht leuchtet allen, die im Dunkeln sind, die im finsteren Land des Todes leben."
07.01.2018	Sonntag	1. Sonntag nach Epiphanias	5.Mose 18,18	/Der HERR sprach zu Mose:/ Ich will ihnen einen Propheten, wie du bist, erwecken aus ihren Brüdern und meine Worte in seinen Mund geben.	Johannes 1,45	Philippus spricht zu Nathanael: Wir haben den gefunden, von dem Mose im Gesetz und die Propheten geschrieben haben, Jesus, Josefs Sohn, aus Nazareth.
08.01.2018	Montag		Psalm 146,4	"Des Menschen Geist muss davon, und er muss wieder zu Erde werden; dann sind verloren alle seine Pläne."	Matthäus 6,27	Wer von euch vermag durch Sorgen seiner Lebenszeit auch nur eine Elle hinzuzufügen?
09.01.2018	Dienstag		Psalm 104,13	Du tränkst die Berge von oben her, du machst das Land voll Früchte, die du schaffest.	Apostelgeschichte 14,17	Gott hat sich selbst nicht unbezeugt gelassen, hat viel Gutes getan und euch vom Himmel Regen und fruchtbare Zeiten gegeben, hat euch ernährt und eure Herzen mit Freude erfüllt.
10.01.2018	Mittwoch		Jesaja 12,1	HERR, ich preise dich! Du hast mir gezürnt! Möge dein Zorn sich wenden, dass du mich tröstest.	1.Thessalonicher 5,9	Gott hat uns nicht bestimmt zum Zorn, sondern dazu, die Seligkeit zu besitzen durch unsern Herrn Jesus Christus.
11.01.2018	Donnerstag		Jesaja 53,4	Fürwahr, er trug unsre Krankheit und lud auf sich unsre Schmerzen. Wir aber hielten ihn für den, der geplagt und von Gott geschlagen und gemartert wäre.	2.Korinther 5,21	Gott hat den, der von keiner Sünde wusste, für uns zur Sünde gemacht, auf dass wir in ihm die Gerechtigkeit würden, die vor Gott gilt.
12.01.2018	Freitag		Jesaja 25,8	Der HERR wird aufheben die Schmach seines Volks in allen Landen.	Römer 12,12	Seid fröhlich in Hoffnung, geduldig in Trübsal, beharrlich im Gebet.
13.01.2018	Samstag		Jesaja 55,9	So viel der Himmel höher ist als die Erde, so sind auch meine Wege höher als eure Wege und meine Gedanken als eure Gedanken.	1.Korinther 13,12	"Jetzt erkenne ich stückweise; dann aber werde ich erkennen, gleichwie ich erkannt bin."
14.01.2018	Sonntag	2. Sonntag nach Epiphanias	1.Mose 39,23	Der HERR war mit Josef, und was er tat, dazu gab der HERR Glück.	2.Korinther 3,5	"Nicht dass wir tüchtig sind von uns selber, uns etwas zuzurechnen als von uns selber; sondern dass wir tüchtig sind, ist von Gott."
15.01.2018	Montag		1.Samuel 12,24	"Fürchtet den HERRN und dient ihm treu von ganzem Herzen; denn seht doch, wie große Dinge er an euch getan hat."	Lukas 1,50	Seine Barmherzigkeit währet für und für bei denen, die ihn fürchten.
16.01.2018	Dienstag		5.Mose 5,21	Du sollst nicht begehren deines Nächsten Haus noch alles, was sein ist.	Lukas 12,15	"/Jesus spricht:/ Seht zu und hütet euch vor aller Habgier; denn niemand lebt davon, dass er viele Güter hat."
17.01.2018	Mittwoch		Maleachi 3,17	Sie sollen mein Eigentum sein, und ich will mich ihrer erbarmen, wie ein Mann sich seines Sohnes erbarmt, der ihm dient.	Johannes 1,12	Die ihn aufnahmen, denen gab er Vollmacht, Gottes Kinder zu werden, denen, die an seinen Namen glauben.
18.01.2018	Donnerstag		Psalm 65,6	Du bist die Zuversicht aller auf Erden und fern am Meer.	Epheser 2,17	Jesus Christus ist gekommen und hat im Evangelium Frieden verkündigt euch, die ihr fern wart, und Frieden denen, die nahe waren.
19.01.2018	Freitag		Psalm 12,7	Die Worte des HERRN sind lauter wie Silber, im Tiegel geschmolzen, geläutert siebenmal.	Philipper 2,15-16	Ihr scheint als Lichter in der Welt, dadurch dass ihr festhaltet am Wort des Lebens.
20.01.2018	Samstag		1.Mose 1,3	Gott sprach: Es werde Licht! Und es ward Licht.	2.Korinther 4,6	Gott, der da sprach: Licht soll aus der Finsternis hervorleuchten, der hat einen hellen Schein in unsre Herzen gegeben.
21.01.2018	Sonntag	Letzter Sonntag nach Epiphanias	Psalm 138,2	"Ich will deinen Namen preisen für deine Güte und Treue; denn du hast dein Wort herrlich gemacht um deines Namens willen."	Johannes 17,26	/Jesus betet:/ Ich habe ihnen deinen Namen kundgetan und werde ihn kundtun, damit die Liebe, mit der du mich liebst, in ihnen sei und ich in ihnen.
22.01.2018	Montag		Psalm 44,22	Gott kennt ja unsres Herzens Grund.	Offenbarung 2,8-9	Das sagt der Erste und der Letzte, der tot war und ist lebendig geworden: Ich kenne deine Bedrängnis und deine Armut.
23.01.2018	Dienstag		1.Samuel 3,19	Der HERR war mit Samuel und ließ keines von allen seinen Worten zur Erde fallen.	1.Thessalonicher 1,8	/Paulus schreibt:/ Von euch aus ist erschollen das Wort des Herrn nicht allein in Makedonien und Achaia, sondern an allen Orten hat sich euer Glaube an Gott ausgebreitet, sodass es nicht nötig ist, dass wir darüber etwas sagen.
24.01.2018	Mittwoch		Psalm 12,2	Hilf, HERR! Die Heiligen haben abgenommen, und treu sind wenige unter den Menschenkindern.	Kolosser 4,3	/Paulus schreibt:/ Betet, auf dass Gott uns eine Tür für das Wort auftue und wir vom Geheimnis Christi reden können.
25.01.2018	Donnerstag		Sprüche 3,27	Weigere dich nicht, dem Bedürftigen Gutes zu tun, wenn deine Hand es vermag.	1.Johannes 3,17	Wenn jemand dieser Welt Güter hat und sieht seinen Bruder darben und verschließt sein Herz vor ihm, wie bleibt dann die Liebe Gottes in ihm?
26.01.2018	Freitag		Jesaja 41,9	"Israel, du sollst mein Knecht sein; ich erwähle dich und verwerfe dich nicht."	Römer 11,29	Gottes Gaben und Berufung können ihn nicht gereuen.
27.01.2018	Samstag		Psalm 23,6	Gutes und Barmherzigkeit werden mir folgen mein Leben lang, und ich werde bleiben im Hause des HERRN immerdar.	Johannes 5,24	Wahrlich, wahrlich, ich sage euch: Wer mein Wort hört und glaubt dem, der mich gesandt hat, der hat das ewige Leben und kommt nicht in das Gericht, sondern er ist vom Tode zum Leben hindurchgedrungen.
28.01.2018	Sonntag	Septuagesimae (70 Tage vor Ostern)	Psalm 27,14	Harre des HERRN! Sei getrost und unverzagt und harre des HERRN!	Jakobus 5,11	"Von der Geduld Hiobs habt ihr gehört und habt gesehen, zu welchem Ende es der Herr geführt hat; denn der Herr ist barmherzig und ein Erbarmer."
29.01.2018	Montag		Hesekiel 11,19	Ich will ihnen ein anderes Herz geben und einen neuen Geist in sie geben.	2.Korinther 5,17	"Ist jemand in Christus, so ist er eine neue Kreatur; das Alte ist vergangen, siehe, Neues ist geworden."
30.01.2018	Dienstag		Psalm 67,8	Es segne uns Gott, und alle Welt fürchte ihn!	Epheser 3,18-19	Ihr könnt mit allen Heiligen begreifen, welches die Breite und die Länge und die Höhe und die Tiefe ist, auch die Liebe Christi erkennen, die alle Erkenntnis übertrifft, damit ihr erfüllt werdet, bis ihr die ganze Fülle Gottes erlangt habt.
31.01.2018	Mittwoch		2.Mose 15,1	Ich will dem HERRN singen, denn er ist hoch erhaben.	1.Johannes 3,1	Seht, welch eine Liebe hat uns der Vater erwiesen, dass wir Gottes Kinder heißen sollen – und wir sind es auch!
01.02.2018	Donnerstag		Jesaja 48,21	Sie litten keinen Durst, als der HERR sie leitete in der Wüste. Er ließ ihnen Wasser aus dem Felsen fließen.	Offenbarung 22,17	"Wen dürstet, der komme; und wer da will, der nehme das Wasser des Lebens umsonst."
02.02.2018	Freitag		Hiob 21,22	Wer will Gott Weisheit lehren, der auch die Hohen richtet?	1.Petrus 5,5	"Alle miteinander bekleidet euch mit Demut; denn Gott widersteht den Hochmütigen, aber den Demütigen gibt er Gnade."
03.02.2018	Samstag		Psalm 36,8	Wie köstlich ist deine Güte, Gott, dass Menschenkinder unter dem Schatten deiner Flügel Zuflucht haben!	Hebräer 10,35	Werft euer Vertrauen nicht weg, welches eine große Belohnung hat.
04.02.2018	Sonntag	Sexagesimae (60 Tage vor Ostern)	Jesaja 40,1	Tröstet, tröstet mein Volk!, spricht euer Gott.	Lukas 19,10	Der Menschensohn ist gekommen, zu suchen und selig zu machen, was verloren ist.
05.02.2018	Montag		Josua 1,8	Betrachte das Buch des Gesetzes Tag und Nacht, dass du es hältst und tust in allen Dingen.	Lukas 11,28	Selig sind, die das Wort Gottes hören und bewahren.
06.02.2018	Dienstag		Psalm 119,37	Halte meine Augen davon ab, nach Nichtigem zu schauen.	Hebräer 13,9	Lasst euch nicht durch mancherlei und fremde Lehren umtreiben, denn es ist ein köstlich Ding, dass das Herz fest werde, welches geschieht durch Gnade.
07.02.2018	Mittwoch		1.Mose 28,17	/Als Jakob von seinem Schlaf aufwachte, sprach er:/ Wie heilig ist diese Stätte! Hier ist nichts anderes als Gottes Haus, und hier ist die Pforte des Himmels.	Johannes 1,14	Das Wort ward Fleisch und wohnte unter uns, und wir sahen seine Herrlichkeit, eine Herrlichkeit als des eingeborenen Sohnes vom Vater, voller Gnade und Wahrheit.
08.02.2018	Donnerstag		Hesekiel 34,28	Sie sollen sicher wohnen, und niemand soll sie schrecken.	Hebräer 4,9	Es ist noch eine Ruhe vorhanden für das Volk Gottes.
09.02.2018	Freitag		Psalm 3,9	Bei dem HERRN findet man Hilfe. Dein Segen komme über dein Volk!	2.Timotheus 1,9	Gott hat uns selig gemacht und berufen mit einem heiligen Ruf, nicht nach unsern Werken, sondern nach seinem Ratschluss und nach der Gnade, die uns gegeben ist in Christus Jesus.
10.02.2018	Samstag		Psalm 147,14	Der HERR schafft deinen Grenzen Frieden.	Kolosser 3,15	Der Friede Christi, zu dem ihr berufen seid in einem Leibe, regiere in euren Herzen.
11.02.2018	Sonntag	Estomihi (Sei mir ein starker Fels! Psalm 31,3)	Jesaja 29,15	Weh denen, die mit ihrem Plan verborgen sein wollen vor dem HERRN und mit ihrem Tun im Finstern bleiben und sprechen: »Wer sieht uns, und wer kennt uns?«	Johannes 18,37	/Jesus spricht:/ Wer aus der Wahrheit ist, der hört meine Stimme.
12.02.2018	Montag		Psalm 104,4	Du machst Winde zu deinen Boten und Feuerflammen zu deinen Dienern.	Apostelgeschichte 2,2-4	Es geschah plötzlich ein Brausen vom Himmel wie von einem gewaltigen Sturm und erfüllte das ganze Haus, in dem sie saßen. Und es erschienen ihnen Zungen, zerteilt und wie von Feuer und setzten sich auf einen jeden von ihnen, und sie wurden alle erfüllt von dem Heiligen Geist.
13.02.2018	Dienstag		Sprüche 1,7	Die Furcht des HERRN ist der Anfang der Erkenntnis.	Kolosser 1,9	/Paulus schreibt:/ Wir lassen nicht ab, für euch zu beten und zu bitten, dass ihr erfüllt werdet mit der Erkenntnis seines Willens in aller geistlichen Weisheit und Einsicht.
14.02.2018	Mittwoch		Jeremia 7,23	Gehorcht meiner Stimme, so will ich euer Gott sein, und ihr sollt mein Volk sein.	Johannes 8,31-32	/Jesus spricht:/ Wenn ihr bleiben werdet an meinem Wort, so seid ihr wahrhaftig meine Jünger und werdet die Wahrheit erkennen, und die Wahrheit wird euch frei machen.
15.02.2018	Donnerstag		1.Chronik 29,17	Ich weiß, mein Gott, dass du das Herz prüfst, und Aufrichtigkeit ist dir angenehm.	Epheser 4,15	Lasst uns wahrhaftig sein in der Liebe und wachsen in allen Stücken zu dem hin, der das Haupt ist, Christus.
16.02.2018	Freitag		Psalm 50,15	/Gott spricht:/ Rufe mich an in der Not, so will ich dich erretten, und du sollst mich preisen.	Hebräer 4,16	Lasst uns freimütig hinzutreten mit Zuversicht zu dem Thron der Gnade, auf dass wir Barmherzigkeit empfangen und Gnade finden und so Hilfe erfahren zur rechten Zeit.
17.02.2018	Samstag		Psalm 108,2	Gott, mein Herz ist bereit, ich will singen und spielen. Wach auf, meine Seele!	Jakobus 5,13	"Leidet jemand unter euch, der bete; ist jemand guten Mutes, der singe Psalmen."
18.02.2018	Sonntag	Invokavit (Er ruft mich an, darum will ich ihn erhören. Psalm 91,15)	Zefanja 3,16-17	Fürchte dich nicht, Zion! Lass deine Hände nicht sinken! Denn der HERR, dein Gott, ist bei dir, ein starker Heiland.	Hebräer 12,12-13	Stärkt die müden Hände und die wankenden Knie und tut sichere Schritte mit euren Füßen.
19.02.2018	Montag		Josua 24,15	Gefällt es euch nicht, dem HERRN zu dienen, so wählt euch heute, wem ihr dienen wollt. Ich aber und mein Haus wollen dem HERRN dienen.	1.Korinther 4,1	Dafür halte uns jedermann: für Diener Christi und Haushalter über Gottes Geheimnisse.
20.02.2018	Dienstag		Psalm 111,4	Er hat ein Gedächtnis gestiftet seiner Wunder, der gnädige und barmherzige HERR.	1.Korinther 10,16	Der Kelch des Segens, den wir segnen, ist der nicht die Gemeinschaft des Blutes Christi? Das Brot, das wir brechen, ist das nicht die Gemeinschaft des Leibes Christi?
21.02.2018	Mittwoch		Jesaja 52,12	Der HERR wird vor euch herziehen und der Gott Israels euren Zug beschließen.	Hebräer 2,1	Wir sollen desto mehr achten auf das Wort, das wir hören, damit wir nicht am Ziel vorbeitreiben.
22.02.2018	Donnerstag		4.Mose 23,19	Sollte Gott etwas sagen und nicht tun? Sollte er etwas reden und nicht halten?	Matthäus 14,31	Jesus sprach zu Petrus: Du Kleingläubiger, warum hast du gezweifelt?
23.02.2018	Freitag		Psalm 34,7	Als einer im Elend rief, hörte der HERR und half ihm aus allen seinen Nöten.	Matthäus 5,4	"Selig sind, die da Leid tragen; denn sie sollen getröstet werden."
24.02.2018	Samstag		Jeremia 4,14	Wasche dein Herz von der Bosheit, auf dass dir geholfen werde. Wie lange wollen bei dir bleiben deine heillosen Gedanken?	Jakobus 1,21	Legt also alles Gemeine und Schlechte ab und nehmt bereitwillig das Wort an, das Gott euch ins Herz gepflanzt hat. Es hat die Macht, euch zu retten.
25.02.2018	Sonntag	Reminiszere (Gedenke, HERR, an deine Barmherzigkeit! Psalm 25,6)	Psalm 89,15	Gerechtigkeit und Recht sind deines Thrones Stütze, Gnade und Treue treten vor dein Angesicht.	Matthäus 5,10	"Selig sind, die um der Gerechtigkeit willen verfolgt werden; denn ihrer ist das Himmelreich."
26.02.2018	Montag		Psalm 106,6	Wir haben gesündigt samt unsern Vätern, wir haben unrecht getan und sind gottlos gewesen.	Matthäus 6,13	Erlöse uns von dem Bösen.
27.02.2018	Dienstag		Psalm 139,17	Wie schwer sind für mich, Gott, deine Gedanken! Wie ist ihre Summe so groß!	1.Johannes 3,20	Wenn uns unser Herz verdammt, ist Gott größer als unser Herz und erkennt alle Dinge.
28.02.2018	Mittwoch		1.Samuel 12,20-21	"Dient dem HERRN von ganzem Herzen. Und weicht nicht ab; folgt nicht denen, die nichts sind, die nichts nützen und nicht retten können, denn sie sind nichts!"	Epheser 5,17	Werdet nicht unverständig, sondern versteht, was der Wille des Herrn ist.
01.03.2018	Donnerstag		Psalm 25,12	Wer ist es, der den HERRN fürchtet? Ihm weist er den Weg, den er wählen soll.	1.Petrus 2,21	Ihr wisst doch: Christus hat für euch gelitten und euch ein Beispiel gegeben, damit ihr seinen Spuren folgt.
02.03.2018	Freitag		Daniel 2,22	Gott weiß, was in der Finsternis liegt, und nur bei ihm ist das Licht.	Johannes 12,46	/Jesus spricht:/ Ich bin als Licht in die Welt gekommen, auf dass, wer an mich glaubt, nicht in der Finsternis bleibe.
03.03.2018	Samstag		Hesekiel 2,2	Sobald der HERR zu mir sprach, kam Geist in mich und stellte mich auf meine Füße, und ich hörte den, der zu mir sprach.	Johannes 4,25-26	Die Frau spricht zu Jesus: Ich weiß, dass der Messias kommt, der da Christus heißt. Wenn dieser kommt, wird er uns alles verkündigen. Jesus spricht zu ihr: Ich bin’s, der mit dir redet.
04.03.2018	Sonntag	Okuli (Meine Augen sehen stets auf den HERRN. Psalm 25,15)	Psalm 27,10	Mein Vater und meine Mutter verlassen mich, aber der HERR nimmt mich auf.	2.Korinther 4,8-9	Wir sind von allen Seiten bedrängt, aber wir ängstigen uns nicht. Uns ist bange, aber wir verzagen nicht. Wir leiden Verfolgung, aber wir werden nicht verlassen.
05.03.2018	Montag		Jesaja 66,2	Meine Hand hat alles gemacht, was da ist, spricht der HERR. Ich sehe aber auf den Elenden und auf den, der zerbrochenen Geistes ist und der erzittert vor meinem Wort.	Matthäus 9,36	"Als Jesus das Volk sah, jammerte es ihn; denn sie waren geängstet und zerstreut wie die Schafe, die keinen Hirten haben."
06.03.2018	Dienstag		Sprüche 20,22	Sprich nicht: »Ich will Böses vergelten!« Harre des HERRN, der wird dir helfen.	1.Thessalonicher 5,15	Seht zu, dass keiner dem andern Böses mit Bösem vergelte, sondern jagt allezeit dem Guten nach füreinander und für jedermann.
07.03.2018	Mittwoch		Jeremia 31,8	Ich will sie sammeln von den Enden der Erde, unter ihnen Blinde und Lahme, Schwangere und junge Mütter, dass sie als große Gemeinde wieder hierher kommen sollen.	Johannes 4,34-35	/Jesus spricht:/ Ich tue den Willen dessen, der mich gesandt hat, und vollende sein Werk. Sagt ihr nicht selber: Es sind noch vier Monate, dann kommt die Ernte? Siehe, ich sage euch: Hebt eure Augen auf und seht auf die Felder: sie sind schon reif zur Ernte.
08.03.2018	Donnerstag		Psalm 36,7	HERR, du hilfst Menschen und Tieren.	Matthäus 6,26	"Seht die Vögel unter dem Himmel an: sie säen nicht, sie ernten nicht, sie sammeln nicht in die Scheunen; und euer himmlischer Vater ernährt sie doch."
09.03.2018	Freitag		Jeremia 5,3	HERR, deine Augen, sind sie nicht auf Treue gerichtet?	Lukas 17,5	Die Apostel sprachen zu dem Herrn: Stärke uns den Glauben!
10.03.2018	Samstag		Jesaja 53,7	Als er gemartert ward, litt er doch willig und tat seinen Mund nicht auf wie ein Lamm, das zur Schlachtbank geführt wird.	Johannes 12,24	"Wahrlich, ich sage euch: Wenn das Weizenkorn nicht in die Erde fällt und erstirbt, bleibt es allein; wenn es aber erstirbt, bringt es viel Frucht."
11.03.2018	Sonntag	Lätare (Freuet euch mit Jerusalem! Jesaja 66,10)	Daniel 9,17	Lass leuchten dein Angesicht über dein zerstörtes Heiligtum um deinetwillen, Herr!	Lukas 12,32	Fürchte dich nicht, du kleine Herde! Denn es hat eurem Vater wohlgefallen, euch das Reich zu geben.
12.03.2018	Montag		Psalm 40,3	Der HERR zog mich aus der grausigen Grube, aus lauter Schmutz und Schlamm, und stellte meine Füße auf einen Fels, dass ich sicher treten kann.	Johannes 5,25	/Jesus spricht:/ Wahrlich, wahrlich, ich sage euch: Es kommt die Stunde und ist schon jetzt, dass die Toten hören werden die Stimme des Sohnes Gottes, und die sie hören, die werden leben.
13.03.2018	Dienstag		Sprüche 15,17	Besser ein Gericht Kraut mit Liebe als ein gemästeter Ochse mit Hass.	1.Korinther 13,1	/Paulus schreibt:/ Wenn ich mit Menschen- und mit Engelzungen redete und hätte der Liebe nicht, so wäre ich ein tönendes Erz oder eine klingende Schelle.
14.03.2018	Mittwoch		Habakuk 2,3	Die Weissagung wird ja noch erfüllt werden zu ihrer Zeit. Wenn sie sich auch hinzieht, so harre ihrer.	2.Petrus 3,9	"Der Herr zögert nicht, die Verheißung zu erfüllen, wie einige meinen, sondern ist geduldig mit euch; er will nicht, dass einige zugrunde gehen, sondern vielmehr, dass alle den Weg der Umkehr einschlagen."
15.03.2018	Donnerstag		Psalm 19,9	Die Befehle des HERRN sind richtig und erfreuen das Herz.	Johannes 15,10-11	/Jesus spricht:/ Wenn ihr meine Gebote haltet, so bleibt ihr in meiner Liebe, wie ich meines Vaters Gebote halte und bleibe in seiner Liebe. Das sage ich euch, damit meine Freude in euch bleibe und eure Freude vollkommen werde.
16.03.2018	Freitag		5.Mose 2,7	Der HERR, dein Gott, hat dein Wandern durch diese große Wüste auf sein Herz genommen.	Johannes 8,12	/Jesus spricht:/ Ich bin das Licht der Welt. Wer mir nachfolgt, der wird nicht wandeln in der Finsternis, sondern wird das Licht des Lebens haben.
17.03.2018	Samstag		Psalm 30,3	HERR, mein Gott, da ich schrie zu dir, machtest du mich gesund.	Hebräer 5,7	"Christus hat in den Tagen seines irdischen Lebens Bitten und Flehen mit lautem Schreien und mit Tränen vor den gebracht, der ihn aus dem Tod erretten konnte; und er ist erhört worden, weil er Gott in Ehren hielt."
18.03.2018	Sonntag	Judika (Gott, schaffe mir Recht! Psalm 43,1)	Psalm 85,8	HERR, zeige uns deine Gnade und gib uns dein Heil!	Johannes 1,17	Die Gnade und Wahrheit ist durch Jesus Christus geworden.
19.03.2018	Montag		Jeremia 14,22	Bist du es nicht, HERR, unser Gott, auf den wir hoffen?	1.Johannes 5,14	Wir sind Gott gegenüber voller Zuversicht, dass er uns hört, wenn wir ihn um etwas bitten, das seinem Willen entspricht.
20.03.2018	Dienstag		Jesaja 52,9	Der HERR hat sein Volk getröstet und Jerusalem erlöst.	Epheser 2,8	Aus Gnade seid ihr gerettet durch Glauben, und das nicht aus euch: Gottes Gabe ist es.
21.03.2018	Mittwoch		1.Mose 3,19	/Gott spricht:/ Im Schweiß deines Angesichts wirst du dein Brot essen, bis du zum Erdboden zurückkehrst, denn von ihm bist du genommen. Denn Staub bist du, und zum Staub kehrst du zurück.	1.Korinther 15,22	Wie in Adam alle sterben, so werden sie in Christus alle lebendig gemacht werden.
22.03.2018	Donnerstag		Jesaja 50,5	Gott der HERR hat mir das Ohr geöffnet. Und ich bin nicht ungehorsam und weiche nicht zurück.	Johannes 12,26	"/Jesus spricht:/ Wer mir dienen will, der folge mir nach; und wo ich bin, da soll mein Diener auch sein."
23.03.2018	Freitag		Psalm 19,9	Die Gebote des HERRN sind lauter und erleuchten die Augen.	Johannes 6,63	/Jesus spricht:/ Die Worte, die ich zu euch geredet habe, die sind Geist und sind Leben.
24.03.2018	Samstag		2.Chronik 16,9	Des HERRN Augen schauen alle Lande, dass er stärke, die mit ganzem Herzen bei ihm sind.	Lukas 7,37-38	Als die Frau vernahm, dass Jesus zu Tisch saß im Haus des Pharisäers, brachte sie ein Alabastergefäß mit Salböl und trat von hinten zu seinen Füßen, weinte und fing an, seine Füße mit Tränen zu netzen und mit den Haaren ihres Hauptes zu trocknen, und küsste seine Füße und salbte sie mit dem Salböl.
25.03.2018	Sonntag	Palmsonntag	Psalm 106,2	Wer kann die großen Taten des HERRN alle erzählen und sein Lob genug verkündigen?	Johannes 12,12-13	Als die große Menge, die aufs Fest gekommen war, hörte, dass Jesus nach Jerusalem kommen werde, nahmen sie Palmzweige und gingen hinaus ihm entgegen und schrien: Hosianna! Gelobt sei, der da kommt in dem Namen des Herrn, der König von Israel!
26.03.2018	Montag		Psalm 96,2	Singet dem HERRN und lobet seinen Namen, verkündet von Tag zu Tag sein Heil!	Markus 14,26	Als sie den Lobgesang gesungen hatten, gingen sie hinaus an den Ölberg.
27.03.2018	Dienstag		Psalm 117,2	Mächtig waltet über uns seine Güte, und die Treue des HERRN währt in Ewigkeit. Halleluja.	Römer 8,32	Gott hat seinen eigenen Sohn nicht verschont, sondern hat ihn für uns alle dahingegeben – wie sollte er uns mit ihm nicht alles schenken?
28.03.2018	Mittwoch		Jesaja 54,14	Du wirst ferne sein von Bedrückung, denn du brauchst dich nicht zu fürchten, und von Schrecken, denn er soll dir nicht nahen.	Johannes 14,27	/Jesus spricht:/ Frieden lasse ich euch, meinen Frieden gebe ich euch. Nicht gebe ich euch, wie die Welt gibt. Euer Herz erschrecke nicht und fürchte sich nicht.
29.03.2018	Donnerstag	Gründonnerstag	Hesekiel 18,4	Siehe, alle Menschen gehören mir.	Johannes 14,2	/Jesus spricht:/ In meines Vaters Hause sind viele Wohnungen.
30.03.2018	Freitag	Karfreitag	2.Mose 14,21	Als Mose seine Hand über das Meer reckte, ließ es der HERR zurückweichen durch einen starken Ostwind.	Römer 8,38-39	Ich bin gewiss, dass weder Tod noch Leben, weder Engel noch Mächte noch Gewalten, weder Gegenwärtiges noch Zukünftiges, weder Hohes noch Tiefes noch irgendeine andere Kreatur uns scheiden kann von der Liebe Gottes, die in Christus Jesus ist, unserm Herrn.
31.03.2018	Samstag		Jesaja 30,18	Der HERR harrt darauf, dass er euch gnädig sei.	Lukas 24,6-7	Gedenkt daran, wie er euch gesagt hat, als er noch in Galiläa war, und sprach: Der Menschensohn muss überantwortet werden in die Hände der Sünder und gekreuzigt werden und am dritten Tage auferstehen.
01.04.2018	Sonntag	Osterfest	5.Mose 28,2-3	Wenn du auf die Stimme des HERRN, deines Gottes, hörst: Gesegnet bist du in der Stadt, und gesegnet bist du auf dem Feld.	2.Timotheus 2,8	Halt im Gedächtnis Jesus Christus, der auferstanden ist von den Toten.
02.04.2018	Montag	Ostermontag	Psalm 22,3	Mein Gott, des Tages rufe ich, doch antwortest du nicht, und des Nachts, doch finde ich keine Ruhe.	Lukas 24, 29	"/Die Jünger sprachen:/ Bleibe bei uns; denn es will Abend werden, und der Tag hat sich geneiget. Und er ging hinein, um bei ihnen zu bleiben."
03.04.2018	Dienstag		Jeremia 2,27	Sie kehren mir den Rücken zu und nicht das Angesicht. Aber wenn die Not über sie kommt, sprechen sie: »Auf und hilf uns!«	Römer 2,4	Weißt du nicht, dass Gottes Güte dich zur Umkehr leitet?
04.04.2018	Mittwoch		Psalm 63,8	Du bist mein Helfer, und unter dem Schatten deiner Flügel frohlocke ich.	1.Johannes 5,18	Wer aus Gott geboren ist, den bewahrt er und der Böse tastet ihn nicht an.
05.04.2018	Donnerstag		Jesaja 45,22	"Wendet euch zu mir, so werdet ihr gerettet, aller Welt Enden; denn ich bin Gott und sonst keiner mehr."	1.Johannes 2,2	Jesus Christus ist die Versöhnung für unsre Sünden, nicht allein aber für die unseren, sondern auch für die der ganzen Welt.
06.04.2018	Freitag		Psalm 126,1	Wenn der HERR die Gefangenen Zions erlösen wird, so werden wir sein wie die Träumenden.	Markus 16,9-10	Als Jesus auferstanden war früh am ersten Tag der Woche, erschien er zuerst Maria Magdalena, von der er sieben Dämonen ausgetrieben hatte. Und sie ging hin und verkündete es denen, die mit ihm gewesen waren, die da Leid trugen und weinten.
07.04.2018	Samstag		Hesekiel 7,19	Silber und Gold kann nicht erretten am Tage des Zorns des HERRN.	Matthäus 25,45	Was ihr nicht getan habt einem von diesen Geringsten, das habt ihr mir auch nicht getan.
08.04.2018	Sonntag	Quasimodogeniti (Wie die neugeborenen Kindlein. 1.Petrus 2,2)	1.Mose 21,17-18	"Der Engel Gottes rief Hagar vom Himmel her und sprach zu ihr: Was ist dir, Hagar? Fürchte dich nicht; denn Gott hat gehört die Stimme des Knaben dort, wo er liegt. Steh auf, nimm den Knaben und führe ihn an deiner Hand; denn ich will ihn zum großen Volk machen."	Römer 9,16	So liegt es nun nicht an jemandes Wollen oder Laufen, sondern an Gottes Erbarmen.
09.04.2018	Montag		Klagelieder 1,18	Gerecht ist er, der HERR, ich aber war widerspenstig gegen sein Wort.	Hebräer 13,20-21	Der Gott des Friedens, der den großen Hirten der Schafe, unsern Herrn Jesus, von den Toten heraufgeführt hat durch das Blut des ewigen Bundes, der mache euch tüchtig in allem Guten, zu tun seinen Willen.
10.04.2018	Dienstag		Psalm 22,11	Du bist mein Gott von meiner Mutter Schoß an.	Philipper 1,6	/Paulus schreibt:/ Ich bin darin guter Zuversicht, dass der in euch angefangen hat das gute Werk, der wird’s auch vollenden bis an den Tag Christi Jesu.
11.04.2018	Mittwoch		Psalm 89,9	HERR, wer ist wie du? Mächtig bist du, HERR, und deine Treue ist um dich her.	Offenbarung 1,5	Jesus Christus ist der treue Zeuge, der Erstgeborene von den Toten und Fürst der Könige auf Erden!
12.04.2018	Donnerstag		Psalm 51,3	Gott, sei mir gnädig nach deiner Güte, und tilge meine Sünden nach deiner großen Barmherzigkeit.	Epheser 1,7	In Jesus Christus haben wir die Erlösung durch sein Blut, die Vergebung der Sünden, nach dem Reichtum seiner Gnade.
13.04.2018	Freitag		2.Samuel 15,26	Siehe, hier bin ich. Der HERR mach’s mit mir, wie es ihm wohlgefällt.	Johannes 21,15	/Simon Petrus spricht zu Jesus:/ Herr, du weißt, dass ich dich lieb habe. Spricht Jesus zu ihm: Weide meine Lämmer!
14.04.2018	Samstag		Jesaja 50,10	Wer in der Finsternis geht und wem kein Lichtstrahl scheint, der vertraue auf den Namen des HERRN!	Kolosser 1,13	Er hat uns errettet aus der Macht der Finsternis und hat uns versetzt in das Reich seines geliebten Sohnes.
15.04.2018	Sonntag	Miserikordias Domini (Die Erde ist voll der Güte des HERRN. Psalm 33,5)	Psalm 6,3.4	"HERR, sei mir gnädig, denn ich bin schwach; heile mich, HERR, denn meine Seele ist sehr erschrocken."	Römer 8,26	Der Geist hilft unsrer Schwachheit auf. Denn wir wissen nicht, was wir beten sollen, wie sich’s gebührt, sondern der Geist selbst tritt für uns ein mit unaussprechlichem Seufzen.
16.04.2018	Montag		Sprüche 5,21	Eines jeden Wege liegen offen vor dem HERRN.	Johannes 10,14	/Jesus spricht:/ Ich bin der gute Hirte und kenne die Meinen und die Meinen kennen mich.
17.04.2018	Dienstag		Jesaja 58,7	Die im Elend ohne Obdach sind, führe ins Haus!	1.Johannes 4,19	Lasst uns lieben, denn er hat uns zuerst geliebt.
18.04.2018	Mittwoch		Psalm 127,3	Siehe, Kinder sind eine Gabe des HERRN.	Matthäus 19,13	Da wurden Kinder zu Jesus gebracht, dass er die Hände auf sie legte und betete.
19.04.2018	Donnerstag		Jesaja 31,5	Der HERR Zebaoth wird Jerusalem beschirmen, wie Vögel es tun mit ihren Flügeln, er wird beschirmen und erretten, schonen und befreien.	2.Timotheus 2,19	Der feste Grund Gottes besteht und hat dieses Siegel: Der Herr kennt die Seinen.
20.04.2018	Freitag		1.Könige 8,27	/Salomo sprach:/ Siehe, der Himmel und aller Himmel Himmel können dich nicht fassen – wie sollte es dann dies Haus tun, das ich gebaut habe?	1.Johannes 4,12	Niemand hat Gott jemals gesehen. Wenn wir uns untereinander lieben, so bleibt Gott in uns, und seine Liebe ist in uns vollkommen.
21.04.2018	Samstag		Psalm 116,3.4	Stricke des Todes hatten mich umfangen, ich kam in Jammer und Not. Aber ich rief an den Namen des HERRN: Ach, HERR, errette mich!	Markus 4,38-39	Die Jünger weckten Jesus auf und sprachen zu ihm: Meister, fragst du nichts danach, dass wir umkommen? Und er stand auf und bedrohte den Wind und sprach zu dem Meer: Schweig! Verstumme! Und der Wind legte sich und es ward eine große Stille.
22.04.2018	Sonntag	Jubilate (Jauchzet Gott, alle Lande! Psalm 66,1)	Psalm 7,2	Auf dich, HERR, mein Gott, traue ich! Hilf mir von allen meinen Verfolgern und errette mich.	Johannes 17,15	/Jesus betet:/ Ich bitte nicht, dass du sie aus der Welt nimmst, sondern dass du sie bewahrst vor dem Bösen.
23.04.2018	Montag		4.Mose 24,17	Es wird ein Stern aus Jakob aufgehen und ein Zepter aus Israel aufkommen.	1.Petrus 5,7	"Alle eure Sorge werft auf ihn; denn er sorgt für euch."
24.04.2018	Dienstag		Psalm 36,6	HERR, deine Güte reicht, so weit der Himmel ist, und deine Wahrheit, so weit die Wolken gehen.	Epheser 2,4-5	Gott, der reich ist an Erbarmen, hat uns in seiner großen Liebe, die er uns entgegenbrachte, mit Christus zusammen lebendig gemacht, obwohl wir tot waren in unseren Verfehlungen – durch Gnade seid ihr gerettet.
25.04.2018	Mittwoch		Hiob 1,21	"Der HERR hat’s gegeben, der HERR hat’s genommen; der Name des HERRN sei gelobt!"	Römer 8,28	Wir wissen, dass denen, die Gott lieben, alle Dinge zum Besten dienen, denen, die nach seinem Ratschluss berufen sind.
26.04.2018	Donnerstag		1.Mose 39,20.21	Josef blieb im Gefängnis, aber der HERR war mit ihm.	Johannes 1,5	Das Licht scheint in der Finsternis.
27.04.2018	Freitag		Psalm 103,2	Lobe den HERRN, meine Seele, und vergiss nicht, was er dir Gutes getan hat.	Epheser 1,3	Gelobt sei Gott, der Vater unseres Herrn Jesus Christus, der uns gesegnet hat mit allem geistlichen Segen im Himmel durch Christus.
28.04.2018	Samstag		Jeremia 31,33	Das soll der Bund sein, den ich mit dem Hause Israel schließen will nach dieser Zeit, spricht der HERR: Ich will mein Gesetz in ihr Herz geben und in ihren Sinn schreiben, und sie sollen mein Volk sein, und ich will ihr Gott sein.	2.Korinther 3,3	/Paulus schreibt:/ Ihr seid ein Brief Christi durch unsern Dienst, geschrieben nicht mit Tinte, sondern mit dem Geist des lebendigen Gottes.
29.04.2018	Sonntag	Kantate (Singet dem HERRN ein neues Lied! Psalm 98,1)	Psalm 119,94	Ich bin dein, hilf mir!	Johannes 16,33	"/Jesus spricht:/ In der Welt habt ihr Angst; aber seid getrost, ich habe die Welt überwunden."
30.04.2018	Montag		Jesaja 65,2	Ich streckte meine Hände aus den ganzen Tag nach einem ungehorsamen Volk, das nach seinen eigenen Gedanken wandelt auf einem Wege, der nicht gut ist.	Römer 5,8	Gott erweist seine Liebe zu uns darin, dass Christus für uns gestorben ist, als wir noch Sünder waren.
01.05.2018	Dienstag		Jesaja 42,1	Siehe, das ist mein Knecht, den ich halte, und mein Auserwählter, an dem meine Seele Wohlgefallen hat.	Johannes 17,25	"/Jesus betet:/ Gerechter Vater, die Welt kennt dich nicht; ich aber kenne dich, und diese haben erkannt, dass du mich gesandt hast."
02.05.2018	Mittwoch		Haggai 2,4	Sei getrost, alles Volk im Lande, spricht der HERR, und arbeitet! Denn ich bin mit euch.	1.Korinther 3,7	So ist nun weder der etwas, der pflanzt, noch der begießt, sondern Gott, der das Gedeihen gibt.
03.05.2018	Donnerstag		Psalm 7,9	Der HERR wird richten die Völker.	Hebräer 4,12	Das Wort Gottes ist ein Richter der Gedanken und Sinne des Herzens.
04.05.2018	Freitag		Joel 2,13	Der HERR ist gnädig, barmherzig, geduldig und von großer Güte, und es reut ihn bald die Strafe.	Lukas 6,36	Seid barmherzig, wie auch euer Vater barmherzig ist.
05.05.2018	Samstag		1.Samuel 26,23	Der HERR wird einem jeden seine Gerechtigkeit und Treue vergelten.	Matthäus 5,6	"Selig sind, die da hungert und dürstet nach der Gerechtigkeit; denn sie sollen satt werden."
06.05.2018	Sonntag	Rogate (Betet!)	Jesaja 38,16	Herr, du lässt mich genesen und am Leben bleiben.	Lukas 17,15	Einer unter den geheilten Aussätzigen, als er sah, dass er gesund geworden war, kehrte er um und pries Gott mit lauter Stimme.
07.05.2018	Montag		Sprüche 3,11	Verachte nicht die Unterweisung durch den HERRN und sei nicht unwillig, wenn er dich ermahnt.	2.Korinther 13,11	Lasst euch zurechtbringen, lasst euch mahnen, habt einerlei Sinn, haltet Frieden! So wird der Gott der Liebe und des Friedens mit euch sein.
08.05.2018	Dienstag		Jesaja 25,1	HERR, deine Ratschlüsse von alters her sind treu und wahrhaftig.	Hebräer 10,23	"Lasst uns festhalten an dem Bekenntnis der Hoffnung und nicht wanken; denn er ist treu, der sie verheißen hat."
09.05.2018	Mittwoch		Jesaja 30,15	Wenn ihr umkehrtet und stille bliebet, so würde euch geholfen.	Lukas 10,41-42	"/Jesus sprach zu Marta:/ Du hast viel Sorge und Mühe. Eins aber ist Not. Maria hat das gute Teil erwählt; das soll nicht von ihr genommen werden."
10.05.2018	Donnerstag	Himmelfahrt des Herrn	Jesaja 58,11	Der HERR wird dich immerdar führen und dich sättigen in der Dürre.	Johannes 14,18	"/Jesus spricht:/ Ich will euch nicht als Waisen zurücklassen; ich komme zu euch."
11.05.2018	Freitag		Psalm 75,2	Wir danken dir, Gott, wir danken dir und verkündigen deine Wunder, dass dein Name so nahe ist.	1.Petrus 2,9	Ihr sollt verkündigen die Wohltaten dessen, der euch berufen hat aus der Finsternis in sein wunderbares Licht.
12.05.2018	Samstag		Jeremia 31,25	Ich will die Müden erquicken und die Verschmachtenden sättigen.	Markus 2,15	Es begab sich, dass Jesus zu Tisch saß in Levis Hause, da setzten sich viele Zöllner und Sünder zu Tisch mit Jesus und seinen Jüngern.
13.05.2018	Sonntag	Exaudi (HERR, höre meine Stimme! Psalm 27,7)	4.Mose 6,25	Der HERR lasse sein Angesicht leuchten über dir und sei dir gnädig.	2.Korinther 13,13	Die Gnade unseres Herrn Jesus Christus und die Liebe Gottes und die Gemeinschaft des Heiligen Geistes sei mit euch allen!
14.05.2018	Montag		Psalm 33,5	Die Erde ist voll der Güte des HERRN.	Matthäus 5,44-45	Liebt eure Feinde und bittet für die, die euch verfolgen, auf dass ihr Kinder seid eures Vaters im Himmel. Denn er lässt seine Sonne aufgehen über Böse und Gute und lässt regnen über Gerechte und Ungerechte.
15.05.2018	Dienstag		Psalm 98,1	Singet dem HERRN ein neues Lied, denn er tut Wunder.	Epheser 5,19	Singt und spielt dem Herrn in eurem Herzen.
16.05.2018	Mittwoch		Psalm 145,9	Der HERR ist allen gütig und erbarmt sich aller seiner Werke.	Römer 8,21	Auch die Schöpfung wird frei werden von der Knechtschaft der Vergänglichkeit zu der herrlichen Freiheit der Kinder Gottes.
17.05.2018	Donnerstag		Psalm 102,18	Der HERR wendet sich zum Gebet der Verlassenen und verschmäht ihr Gebet nicht.	Lukas 18,13-14	/Jesus spricht im Gleichnis:/ Der Zöllner stand ferne, wollte auch die Augen nicht aufheben zum Himmel, sondern schlug an seine Brust und sprach: Gott, sei mir Sünder gnädig! Ich sage euch: Dieser ging gerechtfertigt hinab in sein Haus.
18.05.2018	Freitag		2.Mose 32,31.32	Sie haben sich Götter von Gold gemacht. Vergib ihnen doch ihre Sünde!	Apostelgeschichte 19,26	Was mit Händen gemacht ist, das sind keine Götter.
19.05.2018	Samstag		Psalm 147,3	Der HERR heilt, die zerbrochenen Herzens sind, und verbindet ihre Wunden.	Lukas 9,11	Jesus ließ sie zu sich und sprach zu ihnen vom Reich Gottes und machte gesund, die der Heilung bedurften.
20.05.2018	Sonntag	Pfingstfest	Jesaja 59,1-2	Siehe, des HERRN Arm ist nicht zu kurz, dass er nicht helfen könnte, und seine Ohren sind nicht taub geworden, sodass er nicht hören könnte, sondern eure Verschuldungen scheiden euch von eurem Gott.	Johannes 16,7-8	/Jesus spricht:/ Ich werde den Tröster zu euch senden. Und wenn er kommt, wird er der Welt die Augen auftun über die Sünde und über die Gerechtigkeit und über das Gericht.
21.05.2018	Montag	Pfingstmontag	Sprüche 14,31	Wer dem Geringen Gewalt tut, lästert dessen Schöpfer.	Philipper 4,5	Eure Güte lasst kund sein allen Menschen! Der Herr ist nahe!
22.05.2018	Dienstag		Psalm 116,6	Wenn ich schwach bin, so hilft mir der HERR.	2.Korinther 12,9	/Paulus schreibt:/ Darum will ich mich am allerliebsten rühmen meiner Schwachheit, auf dass die Kraft Christi bei mir wohne.
23.05.2018	Mittwoch		Sprüche 16,32	Ein Geduldiger ist besser als ein Starker und wer sich selbst beherrscht, besser als einer, der Städte einnimmt.	Römer 14,19	Lasst uns dem nachstreben, was zum Frieden dient und zur Erbauung untereinander.
24.05.2018	Donnerstag		Psalm 32,1	Wohl dem, dem die Übertretungen vergeben sind, dem die Sünde bedeckt ist!	Lukas 7,47	"/Jesus sagt über die Frau:/ Ihre vielen Sünden sind vergeben, denn sie hat viel geliebt; wem aber wenig vergeben wird, der liebt wenig."
25.05.2018	Freitag		Jesaja 2,12	Ein Tag des HERRN der Heerscharen kommt über alles Stolze und Hohe und über alles, was sich erhebt, und es wird niedrig sein.	Lukas 3,8	/Johannes der Täufer sprach:/ Bringt Früchte, die der Umkehr entsprechen! Und fangt nicht an, euch zu sagen: Wir haben Abraham zum Vater.
26.05.2018	Samstag		Psalm 141,3	HERR, behüte meinen Mund und bewahre meine Lippen!	Galater 5,13	Gebt acht: dass die Freiheit nicht zu einem Vorwand für die Selbstsucht werde, sondern dient einander in der Liebe!
27.05.2018	Sonntag	Trinitatis (Dreieinigkeit)	Jeremia 51,50	Gedenkt des HERRN in fernem Lande und lasst euch Jerusalem im Herzen sein!	Epheser 6,18	Betet allezeit mit allem Bitten und Flehen im Geist und wacht dazu mit aller Beharrlichkeit und Flehen für alle Heiligen.
28.05.2018	Montag		2.Könige 20,5	So spricht der HERR: Ich habe dein Gebet gehört und deine Tränen gesehen. Siehe, ich will dich gesund machen.	Johannes 11,2-3	Lazarus war krank. Da sandten die Schwestern zu Jesus und ließen ihm sagen: Herr, siehe, der, den du lieb hast, liegt krank.
29.05.2018	Dienstag		4.Mose 9,18	Nach dem Wort des HERRN brachen die Israeliten auf, und nach seinem Wort lagerten sie sich.	Lukas 5,5	"Simon sprach: Meister, wir haben die ganze Nacht gearbeitet und nichts gefangen; aber auf dein Wort will ich die Netze auswerfen."
30.05.2018	Mittwoch		Psalm 103,22	Lobet den HERRN, alle seine Werke, an allen Orten seiner Herrschaft! Lobe den Herrn, meine Seele!	Epheser 5,18-19	Lasst euch vom Geist erfüllen. Ermuntert einander mit Psalmen und Lobgesängen und geistlichen Liedern.
31.05.2018	Donnerstag		Psalm 140,13	Ich weiß, dass der HERR des Elenden Sache führen und den Armen Recht schaffen wird.	Lukas 6,20	"Selig seid ihr Armen; denn das Reich Gottes ist euer."
01.06.2018	Freitag		Psalm 57,4	Gott sende seine Güte und Treue.	1.Johannes 4,14	Wir haben gesehen und bezeugen, dass der Vater den Sohn gesandt hat als Heiland der Welt.
02.06.2018	Samstag		Psalm 25,5	"Du bist der Gott, der mir hilft; täglich harre ich auf dich."	Römer 8,25	Wenn wir aber auf das hoffen, was wir nicht sehen, so warten wir darauf in Geduld.
03.06.2018	Sonntag	1. Sonntag nach Trinitatis	Psalm 112,4	In der Finsternis erstrahlt den Aufrichtigen ein Licht, gnädig, barmherzig und gerecht.	Kolosser 1,12	Mit Freuden sagt Dank dem Vater, der euch tüchtig gemacht hat zu dem Erbteil der Heiligen im Licht.
04.06.2018	Montag		Psalm 91,14	/Der HERR spricht:/ Er liebt mich, darum will ich ihn erretten.	Johannes 15,9	/Jesus spricht:/ Wie mich mein Vater liebt, so liebe ich euch auch. Bleibt in meiner Liebe!
05.06.2018	Dienstag		4.Mose 21,7	Das Volk kam zu Mose und sie sprachen: Wir haben gesündigt, dass wir gegen den HERRN und gegen dich geredet haben. Bete zum HERRN, damit er uns von den Schlangen befreit. Und Mose betete für das Volk.	Johannes 8,36	Wenn euch nun der Sohn frei macht, so seid ihr wirklich frei.
06.06.2018	Mittwoch		Habakuk 3,19	Der HERR ist meine Kraft.	2.Korinther 12,9	"Lass dir an meiner Gnade genügen; denn meine Kraft vollendet sich in der Schwachheit."
07.06.2018	Donnerstag		1.Mose 50,20	/Josef sprach zu seinen Brüdern:/ Ihr gedachtet es böse mit mir zu machen, aber Gott gedachte es gut zu machen.	Jakobus 2,13	Barmherzigkeit triumphiert über das Gericht.
08.06.2018	Freitag		Jesaja 62,2	Du sollst mit einem neuen Namen genannt werden, welchen des HERRN Mund nennen wird.	Johannes 10,3	Der gute Hirte ruft seine Schafe mit Namen und führt sie hinaus.
09.06.2018	Samstag		1.Chronik 28,9	Der HERR erforscht alle Herzen und kennt alles Sinnen und Trachten der Gedanken.	Johannes 1,48	Nathanael spricht zu Jesus: Woher kennst du mich? Jesus antwortete und sprach zu ihm: Bevor Philippus dich rief, als du unter dem Feigenbaum warst, habe ich dich gesehen.
10.06.2018	Sonntag	2. Sonntag nach Trinitatis	Klagelieder 3,41	Lasst uns unser Herz samt den Händen aufheben zu Gott im Himmel!	Kolosser 4,2	Seid beharrlich im Gebet und wacht in ihm mit Danksagung!
11.06.2018	Montag		Psalm 145,18	Der HERR ist nahe allen, die ihn anrufen, allen, die ihn mit Ernst anrufen.	Matthäus 21,22	Alles, was ihr bittet im Gebet: so ihr glaubt, werdet ihr’s empfangen.
12.06.2018	Dienstag		Jeremia 14,9	"Du bist ja doch unter uns, HERR, und wir heißen nach deinem Namen; verlass uns nicht!"	Galater 3,26	Ihr seid alle durch den Glauben Gottes Kinder in Christus Jesus.
13.06.2018	Mittwoch		Psalm 91,4	Er wird dich mit seinen Fittichen decken, und Zuflucht wirst du haben unter seinen Flügeln.	Römer 8,31	Ist Gott für uns, wer kann wider uns sein?
14.06.2018	Donnerstag		Psalm 67,2-3	Gott sei uns gnädig und segne uns, er lasse sein Angesicht leuchten bei uns, dass man auf Erden deinen Weg erkenne, unter allen Nationen deine Hilfe.	Epheser 1,9-10	Gott hat uns wissen lassen das Geheimnis seines Willens nach seinem Ratschluss, den er zuvor in Christus gefasst hatte, um die Fülle der Zeiten heraufzuführen, auf dass alles zusammengefasst würde in Christus, was im Himmel und auf Erden ist, durch ihn.
15.06.2018	Freitag		Jesaja 53,5	Er ist um unsrer Missetat willen verwundet und um unsrer Sünde willen zerschlagen.	1.Johannes 4,10	Darin besteht die Liebe: nicht dass wir Gott geliebt haben, sondern dass er uns geliebt hat und gesandt seinen Sohn zur Versöhnung für unsre Sünden.
16.06.2018	Samstag		Jesaja 38,17	"Siehe, um Trost war mir sehr bange. Du aber hast dich meiner Seele herzlich angenommen, dass sie nicht verdürbe; denn du wirfst alle meine Sünden hinter dich zurück."	2.Thessalonicher 2,16-17	Unser Herr Jesus Christus und Gott, unser Vater, der uns geliebt und uns einen ewigen Trost gegeben hat und eine gute Hoffnung durch Gnade, der tröste eure Herzen und stärke euch in allem guten Werk und Wort.
17.06.2018	Sonntag	3. Sonntag nach Trinitatis	Haggai 2,5	Mein Geist soll unter euch bleiben. Fürchtet euch nicht!	Römer 5,5	"Hoffnung lässt nicht zuschanden werden; denn die Liebe Gottes ist ausgegossen in unsre Herzen durch den Heiligen Geist, der uns gegeben ist."
18.06.2018	Montag		Jeremia 32,41	So spricht der HERR: Es soll meine Freude sein, ihnen Gutes zu tun.	Johannes 10,9	"/Jesus spricht:/ Ich bin die Tür; wenn jemand durch mich hineingeht, wird er selig werden und wird ein- und ausgehen und Weide finden."
19.06.2018	Dienstag		Hesekiel 18,17	Wer meine Gebote hält und nach meinen Gesetzen lebt, der soll nicht sterben um der Schuld seines Vaters willen.	1.Petrus 1,18-19	Ihr wisst, dass ihr nicht mit vergänglichem Silber oder Gold erlöst seid von eurem nichtigen Wandel nach der Väter Weise, sondern mit dem teuren Blut Christi.
20.06.2018	Mittwoch		5.Mose 28,12	Der HERR wird dir seinen guten Schatz auftun, den Himmel, dass er deinem Land Regen gebe zur rechten Zeit und dass er segne alle Werke deiner Hände.	Johannes 1,16	Von seiner Fülle haben wir alle genommen Gnade um Gnade.
21.06.2018	Donnerstag		Psalm 84,13	HERR Zebaoth, wohl dem Menschen, der sich auf dich verlässt!	Römer 4,18	Wo keine Hoffnung war, hat Abraham auf Hoffnung hin geglaubt.
22.06.2018	Freitag		Sacharja 2,14	Freue dich und sei fröhlich, du Tochter Zion! Denn siehe, ich komme und will bei dir wohnen, spricht der HERR.	1.Johannes 4,9	Darin ist erschienen die Liebe Gottes unter uns, dass Gott seinen eingebornen Sohn gesandt hat in die Welt, damit wir durch ihn leben sollen.
23.06.2018	Samstag		1.Samuel 12,22	Der HERR verstößt sein Volk nicht um seines großen Namens willen.	2.Korinther 8,9	Ihr kennt die Gnade unseres Herrn Jesus Christus: Obwohl er reich ist, wurde er doch arm um euretwillen, auf dass ihr durch seine Armut reich würdet.
24.06.2018	Sonntag	4. Sonntag nach Trinitatis	Daniel 2,20	Gelobet sei der Name Gottes von Ewigkeit zu Ewigkeit, denn ihm gehören Weisheit und Stärke!	Johannes 3,27	/Johannes der Täufer sprach:/ Ein Mensch kann nichts nehmen, wenn es ihm nicht vom Himmel gegeben ist.
25.06.2018	Montag		Jeremia 14,21	Um deines Namens willen verwirf uns nicht! Lass den Thron deiner Herrlichkeit nicht verspottet werden!	2.Thessalonicher 1,11	/Paulus schreibt:/ Wir beten allezeit für euch, dass unser Gott euch würdig mache der Berufung und vollende alles Wohlgefallen am Guten und das Werk des Glaubens in Kraft.
26.06.2018	Dienstag		Psalm 115,1	Nicht uns, HERR, nicht uns, sondern deinem Namen gib Ehre um deiner Gnade und Treue willen!	Matthäus 6,9	Unser Vater im Himmel! Dein Name werde geheiligt.
27.06.2018	Mittwoch		2.Mose 20,16	Du sollst nicht falsch Zeugnis reden wider deinen Nächsten.	Galater 6,1	Wenn ein Mensch etwa von einer Verfehlung ereilt wird, so helft ihm wieder zurecht mit sanftmütigem Geist.
28.06.2018	Donnerstag		Jesaja 55,7	Der Übeltäter lasse von seinen Gedanken und bekehre sich zum HERRN, denn bei ihm ist viel Vergebung.	Lukas 19,8-9	Zachäus trat herzu und sprach zu dem Herrn: Siehe, Herr, die Hälfte von meinem Besitz gebe ich den Armen, und wenn ich jemanden betrogen habe, so gebe ich es vierfach zurück. Jesus aber sprach zu ihm: Heute ist diesem Hause Heil widerfahren.
29.06.2018	Freitag		Hesekiel 16,61.63	Du wirst an deine Wege denken und dich schämen, wenn ich dir alles vergeben werde, was du getan hast, spricht Gott der HERR.	1.Timotheus 1,15	/Paulus schreibt:/ Das ist gewisslich wahr und ein teuer wertes Wort: Christus Jesus ist in die Welt gekommen, die Sünder selig zu machen, unter denen ich der erste bin.
30.06.2018	Samstag		Psalm 9,11	"Auf dich hoffen, die deinen Namen kennen; denn du verlässest nicht, die dich, HERR, suchen."	2.Timotheus 4,17	/Paulus schreibt:/ Der Herr stand mir bei und stärkte mich.
01.07.2018	Sonntag	5. Sonntag nach Trinitatis	Jesaja 60,10	In meinem Zorn habe ich dich geschlagen, aber in meiner Gnade erbarme ich mich über dich.	1.Petrus 1,13	Seid nüchtern und setzt eure Hoffnung ganz auf die Gnade, die euch dargeboten wird in der Offenbarung Jesu Christi.
02.07.2018	Montag		Hiob 10,12	Leben und Wohltat hast du an mir getan, und deine Obhut hat meinen Odem bewahrt.	Philipper 2,27	"/Paulus schreibt:/ Epaphroditus war todkrank, aber Gott hat sich über ihn erbarmt; nicht allein aber über ihn, sondern auch über mich, damit ich nicht eine Traurigkeit über die andere hätte."
03.07.2018	Dienstag		Psalm 116,12	Wie soll ich dem HERRN vergelten all seine Wohltat, die er an mir tut?	Markus 5,19	/Jesus sprach zu dem Geheilten:/ Geh hin in dein Haus zu den Deinen und verkünde ihnen, welch große Dinge der Herr an dir getan und wie er sich deiner erbarmt hat.
04.07.2018	Mittwoch		Psalm 103,1	Lobe den HERRN, meine Seele, und was in mir ist, seinen heiligen Namen!	Lukas 19,37	Die ganze Menge der Jünger fing an, mit Freuden Gott zu loben mit lauter Stimme über alle Taten, die sie gesehen hatten.
05.07.2018	Donnerstag		2.Chronik 18,13	So wahr der HERR lebt: Was mein Gott sagen wird, das will ich reden.	2.Timotheus 4,2	Predige das Wort, stehe dazu, es sei zur Zeit oder zur Unzeit.
06.07.2018	Freitag		Psalm 94,9	Der das Ohr gepflanzt hat, sollte der nicht hören? Der das Auge gemacht hat, sollte der nicht sehen?	1.Petrus 3,12	Die Augen des Herrn sehen auf die Gerechten, und seine Ohren hören auf ihr Gebet.
07.07.2018	Samstag		Psalm 143,2	"HERR, geh nicht ins Gericht mit deinem Knecht; denn vor dir ist kein Lebendiger gerecht."	Römer 11,22	Sieh die Güte und die Strenge Gottes.
08.07.2018	Sonntag	6. Sonntag nach Trinitatis	Psalm 104,14	Du lässest Gras wachsen für das Vieh und Saat zu Nutz den Menschen, dass du Brot aus der Erde hervorbringst.	Lukas 11,3	Gib uns unser tägliches Brot Tag für Tag.
09.07.2018	Montag		Psalm 37,28	Der HERR hat das Recht lieb.	Epheser 5,1	So ahmt nun Gott nach als geliebte Kinder.
10.07.2018	Dienstag		Sprüche 11,24	Freigebige werden immer reicher, der Geizhals spart sich arm.	Hebräer 13,2	Gastfrei zu sein vergesst nicht.
11.07.2018	Mittwoch		Jesaja 6,5	Jesaja sprach: Weh mir, ich vergehe! Denn ich bin unreiner Lippen und wohne unter einem Volk von unreinen Lippen.	Epheser 4,25	Darum legt die Lüge ab und redet die Wahrheit, ein jeder mit seinem Nächsten.
12.07.2018	Donnerstag		Jesaja 11,2	Auf ihm wird ruhen der Geist des HERRN, der Geist der Weisheit und des Verstandes, der Geist des Rates und der Stärke, der Geist der Erkenntnis und der Furcht des HERRN.	Lukas 6,19	"Alles Volk suchte Jesus anzurühren; denn es ging Kraft von ihm aus."
13.07.2018	Freitag		Jesaja 45,12	Ich habe die Erde gemacht und den Menschen auf ihr geschaffen.	Apostelgeschichte 17,27	Gott ist nicht ferne von einem jeden unter uns.
14.07.2018	Samstag		Jesaja 30,18	Der HERR ist ein Gott des Rechts. Wohl allen, die auf ihn harren!	1.Johannes 2,29	Wenn ihr wisst, dass er gerecht ist, so erkennt ihr: Wer die Gerechtigkeit tut, der ist von ihm geboren.
15.07.2018	Sonntag	7. Sonntag nach Trinitatis	Jesaja 25,5	HERR, du dämpfst der Tyrannen Siegesgesang.	1.Johannes 3,8	Dazu ist erschienen der Sohn Gottes, dass er die Werke des Teufels zerstöre.
16.07.2018	Montag		Psalm 29,11	Der HERR wird sein Volk segnen mit Frieden.	Apostelgeschichte 10,36	Gott hat das Wort dem Volk Israel gesandt und Frieden verkündigt durch Jesus Christus, welcher ist Herr über alles.
17.07.2018	Dienstag		2.Mose 19,6	/Der HERR spricht:/ Ihr sollt mir ein Königreich von Priestern und ein heiliges Volk sein.	Johannes 20,21	/Jesus spricht:/ Friede sei mit euch! Wie mich der Vater gesandt hat, so sende ich euch.
18.07.2018	Mittwoch		Jeremia 3,14	Kehrt um, ihr abtrünnigen Kinder, spricht der HERR, denn ich bin euer Herr! Und ich will euch holen und will euch bringen nach Zion.	Johannes 6,37	Wer zu mir kommt, den werde ich nicht hinausstoßen.
19.07.2018	Donnerstag		1.Chronik 29,12	In deiner Hand, HERR, steht es, jedermann groß und stark zu machen.	Lukas 9,46-47	Es kam unter den Jüngern der Gedanke auf, wer von ihnen der Größte wäre. Da aber Jesus den Gedanken ihres Herzens erkannte, nahm er ein Kind und stellte es neben sich.
20.07.2018	Freitag		Sacharja 13,9	Ich will sie durchs Feuer gehen lassen und läutern, wie man Silber läutert, und prüfen, wie man Gold prüft. Dann werden sie meinen Namen anrufen, und ich will sie erhören.	Römer 5,3-4	/Paulus schreibt:/ Wir rühmen uns der Bedrängnisse, weil wir wissen, dass Bedrängnis Geduld bringt, Geduld aber Bewährung, Bewährung aber Hoffnung.
21.07.2018	Samstag		1.Mose 2,7	Gott der HERR machte den Menschen aus Staub von der Erde und blies ihm den Odem des Lebens in seine Nase. Und so ward der Mensch ein lebendiges Wesen.	Epheser 2,10	Wir sind sein Werk, geschaffen in Christus Jesus zu guten Werken, die Gott zuvor bereitet hat, dass wir darin wandeln sollen.
22.07.2018	Sonntag	8. Sonntag nach Trinitatis	Psalm 20,8	"Jene verlassen sich auf Wagen und Rosse; wir aber denken an den Namen des HERRN, unsres Gottes."	2.Timotheus 2,1	So sei nun stark durch die Gnade in Christus Jesus.
23.07.2018	Montag		1.Mose 26,4	/Der Herr sprach zu Isaak:/ Durch deine Nachkommen sollen alle Völker auf Erden gesegnet werden.	Matthäus 8,11	Viele werden kommen von Osten und von Westen und mit Abraham und Isaak und Jakob im Himmelreich zu Tisch sitzen.
24.07.2018	Dienstag		Jesaja 31,6	Kehrt um zum HERRN, von welchem ihr so sehr abgewichen seid!	Offenbarung 3,20	Gebt Acht, ich stehe vor der Tür und klopfe an!
25.07.2018	Mittwoch		1.Mose 1,27	Gott schuf den Menschen zu seinem Bilde, zum Bilde Gottes schuf er ihn und schuf sie als Mann und Frau.	1.Korinther 11,11-12	"Im Herrn ist weder die Frau ohne den Mann noch der Mann ohne die Frau; denn wie die Frau von dem Mann, so ist auch der Mann durch die Frau; aber alles von Gott."
26.07.2018	Donnerstag		Jesaja 54,10	Es sollen wohl Berge weichen und Hügel hinfallen, aber meine Gnade soll nicht von dir weichen, und der Bund meines Friedens soll nicht hinfallen, spricht der HERR, dein Erbarmer.	Johannes 3,16	Also hat Gott die Welt geliebt, dass er seinen eingeborenen Sohn gab, auf dass alle, die an ihn glauben, nicht verloren werden, sondern das ewige Leben haben.
27.07.2018	Freitag		Psalm 119,67	"Ehe ich gedemütigt wurde, irrte ich; nun aber halte ich dein Wort."	Johannes 14,23	/Jesus spricht:/ Wer mich liebt, der wird mein Wort halten.
28.07.2018	Samstag		Jeremia 1,12	Ich will wachen über meinem Wort, dass ich’s tue.	Hebräer 4,12	Das Wort Gottes ist lebendig und kräftig und schärfer als jedes zweischneidige Schwert und dringt durch.
29.07.2018	Sonntag	9. Sonntag nach Trinitatis	Jesaja 45,15	Fürwahr, du bist ein verborgener Gott, du Gott Israels, der Heiland.	Johannes 1,18	"Niemand hat Gott je gesehen; der Eingeborene, der Gott ist und in des Vaters Schoß ist, der hat es verkündigt."
30.07.2018	Montag		Psalm 119,36	HERR, neige mein Herz zu deinen Mahnungen und nicht zur Habsucht.	1.Timotheus 6,10.11	Geldgier ist eine Wurzel alles Übels. Aber du, Mensch Gottes, fliehe das! Jage aber nach der Gerechtigkeit, der Frömmigkeit, dem Glauben, der Liebe, der Geduld, der Sanftmut!
31.07.2018	Dienstag		Jesaja 37,16	HERR Zebaoth, du bist allein Gott über alle Königreiche auf Erden, du hast Himmel und Erde gemacht.	Offenbarung 19,11	"Ich sah den Himmel aufgetan; und siehe, ein weißes Pferd. Und der darauf saß, hieß: Treu und Wahrhaftig, und er richtet und kämpft mit Gerechtigkeit."
01.08.2018	Mittwoch		1.Samuel 14,6	Es ist dem HERRN nicht schwer, durch viel oder wenig zu helfen.	Markus 11,24	Alles, was ihr betet und bittet, glaubt nur, dass ihr’s empfangt, so wird’s euch zuteil werden.
02.08.2018	Donnerstag		Psalm 142,6	HERR, du bist meine Zuversicht, mein Teil im Lande der Lebendigen.	1.Petrus 1,3	Gelobt sei Gott, der Vater unseres Herrn Jesus Christus, der uns nach seiner großen Barmherzigkeit wiedergeboren hat zu einer lebendigen Hoffnung durch die Auferstehung Jesu Christi von den Toten.
03.08.2018	Freitag		5.Mose 23,6	Der HERR, dein Gott, wandelte dir den Fluch in Segen um, weil dich der HERR, dein Gott, lieb hatte.	2.Timotheus 2,13	"Sind wir untreu, so bleibt er treu; denn er kann sich selbst nicht verleugnen."
04.08.2018	Samstag		Hiob 12,10	In Gottes Hand ist die Seele von allem, was lebt.	Römer 14,7-8	Keiner von uns lebt für sich selbst, und keiner stirbt für sich selbst. Leben wir, so leben wir dem Herrn, sterben wir, so sterben wir dem Herrn.
05.08.2018	Sonntag	10. Sonntag nach Trinitatis (Israelsonntag)	Jesaja 56,7	Mein Haus wird ein Bethaus heißen für alle Völker.	Johannes 4,23	"/Jesus spricht:/ Es kommt die Stunde und ist schon jetzt, dass die wahren Anbeter den Vater anbeten werden im Geist und in der Wahrheit; denn auch der Vater will solche Anbeter haben."
06.08.2018	Montag		Psalm 41,2	Wohl dem, der sich des Schwachen annimmt! Den wird der HERR erretten zur bösen Zeit.	Galater 6,2	Einer trage des andern Last, so werdet ihr das Gesetz Christi erfüllen.
07.08.2018	Dienstag		Klagelieder 3,57	Du nahtest dich zu mir, als ich dich anrief, und sprachst: Fürchte dich nicht!	Markus 6,48	Jesus sah, dass sie sich abplagten beim Rudern – denn der Wind stand ihnen entgegen –, da kam er um die vierte Nachtwache zu ihnen.
08.08.2018	Mittwoch		Jesaja 33,5-6	Der HERR hat Zion mit Recht und Gerechtigkeit erfüllt. Und du wirst sichere Zeiten haben: Reichtum an Heil, Weisheit und Klugheit.	Matthäus 10,7	/Jesus spricht:/ Geht und predigt und sprecht: Das Himmelreich ist nahe herbeigekommen.
09.08.2018	Donnerstag		5.Mose 5,33	Wandelt in allen Wegen, die euch der HERR, euer Gott, geboten hat, damit ihr leben könnt.	Lukas 10,26-28	"/Jesus sprach zu dem Gesetzeslehrer:/ Was steht im Gesetz geschrieben? Was liest du? Er antwortete und sprach: »Du sollst den Herrn, deinen Gott, lieben von ganzem Herzen, von ganzer Seele und mit all deiner Kraft und deinem ganzen Gemüt, und deinen Nächsten wie dich selbst«. Er aber sprach zu ihm: Du hast recht geantwortet; tu das, so wirst du leben."
10.08.2018	Freitag		Jesaja 40,15	Siehe, die Völker sind geachtet wie ein Tropfen am Eimer und wie ein Sandkorn auf der Waage.	Matthäus 28,18-20	/Jesus spricht:/ Mir ist gegeben alle Gewalt im Himmel und auf Erden. Darum gehet hin und lehret alle Völker: Taufet sie auf den Namen des Vaters und des Sohnes und des Heiligen Geistes und lehret sie halten alles, was ich euch befohlen habe.
11.08.2018	Samstag		Psalm 57,10	Herr, ich will dir danken unter den Völkern, ich will dir lobsingen unter den Leuten.	Apostelgeschichte 2,11	/Die Menschen sprachen am Pfingsttag in Jerusalem:/ Wir hören sie in unsern Sprachen die großen Taten Gottes verkünden.
12.08.2018	Sonntag	11. Sonntag nach Trinitatis	Jesaja 50,6	/Der Knecht Gottes sprach:/ Ich bot meinen Rücken dar denen, die mich schlugen, und meine Wangen denen, die mich rauften. Mein Angesicht verbarg ich nicht vor Schmach und Speichel.	Hebräer 13,12-13	Jesus hat gelitten draußen vor dem Tor. So lasst uns nun zu ihm hinausgehen vor das Lager und seine Schmach tragen.
13.08.2018	Montag		5.Mose 13,5	Dem HERRN, eurem Gott, sollt ihr folgen und ihn fürchten und seine Gebote halten und seiner Stimme gehorchen und ihm dienen und ihm anhangen.	Johannes 15,12	/Jesus spricht:/ Das ist mein Gebot, dass ihr einander liebt, wie ich euch liebe.
14.08.2018	Dienstag		Psalm 62,2	Meine Seele ist stille zu Gott, der mir hilft.	Matthäus 28,20	/Jesus spricht:/ Siehe, ich bin bei euch alle Tage bis an der Welt Ende.
15.08.2018	Mittwoch		Sprüche 18,10	Der Name des HERRN ist ein starker Turm, der Gerechte eilt dorthin und findet Schutz.	Offenbarung 1,8	Ich bin das A und das O, spricht Gott der Herr, der da ist und der da war und der da kommt, der Allmächtige.
16.08.2018	Donnerstag		Jesaja 48,17	Ich bin der HERR, dein Gott, der dich lehrt, was dir hilft, und dich leitet auf dem Wege, den du gehst.	2.Timotheus 2,7	Der Herr wird dir in allen Dingen Einsicht geben.
17.08.2018	Freitag		Jona 4,10-11	Der HERR sprach: Dich jammert der Rizinus, um den du dich nicht gemüht hast, hast ihn auch nicht aufgezogen, der in einer Nacht ward und in einer Nacht verdarb, und mich sollte nicht jammern Ninive, eine so große Stadt?	1.Korinther 10,24	Niemand suche das Seine, sondern was dem andern dient.
18.08.2018	Samstag		Josua 24,16	Das sei ferne von uns, dass wir den HERRN verlassen!	Kolosser 2,7	Seid in Christus verwurzelt und gegründet und fest im Glauben, wie ihr gelehrt worden seid, und voller Dankbarkeit.
19.08.2018	Sonntag	12. Sonntag nach Trinitatis	Jesaja 61,1	Der HERR hat mich gesandt, den Elenden gute Botschaft zu bringen, die zerbrochenen Herzen zu verbinden, zu verkündigen den Gefangenen die Freiheit.	2.Korinther 1,24	/Paulus schreibt:/ Wir sind Gehilfen eurer Freude.
20.08.2018	Montag		Esra 6,22	Der HERR hatte sie fröhlich gemacht.	Apostelgeschichte 2,46	Sie waren täglich einmütig beieinander im Tempel und brachen das Brot hier und dort in den Häusern, hielten die Mahlzeiten mit Freude und lauterem Herzen.
21.08.2018	Dienstag		1.Könige 8,57	Der HERR, unser Gott, verlasse uns nicht und ziehe die Hand nicht ab von uns.	Markus 16,20	Die Jünger zogen aus und predigten an allen Orten. Und der Herr wirkte mit ihnen und bekräftigte das Wort durch die mitfolgenden Zeichen.
22.08.2018	Mittwoch		Nehemia 9,31	HERR, nach deiner großen Barmherzigkeit hast du mit deinem Volk nicht ein Ende gemacht noch es verlassen.	Kolosser 1,3	Wir danken Gott, dem Vater unseres Herrn Jesus Christus, und beten allezeit für euch.
23.08.2018	Donnerstag		Psalm 84,2	Wie lieblich sind deine Wohnungen, HERR Zebaoth!	Matthäus 18,20	Wo zwei oder drei versammelt sind in meinem Namen, da bin ich mitten unter ihnen.
24.08.2018	Freitag		Sacharja 3,4	Sieh her, ich nehme deine Sünde von dir und lasse dir Feierkleider anziehen.	Lukas 15,21-22	"Der Sohn sprach zu ihm: Vater, ich habe gesündigt gegen den Himmel und vor dir; ich bin hinfort nicht mehr wert, dass ich dein Sohn heiße. Aber der Vater sprach zu seinen Knechten: Bringt schnell das beste Gewand her und zieht es ihm an und gebt ihm einen Ring an seine Hand und Schuhe an seine Füße."
25.08.2018	Samstag		Psalm 51,5	Ich erkenne meine Missetat, und meine Sünde ist immer vor mir.	1.Johannes 1,9	Wenn wir unsre Sünden bekennen, so ist er treu und gerecht, dass er uns die Sünden vergibt und reinigt uns von aller Ungerechtigkeit.
26.08.2018	Sonntag	13. Sonntag nach Trinitatis	Hosea 14,10	"Die Wege des HERRN sind richtig, und die Gerechten wandeln darauf; aber die Übertreter kommen auf ihnen zu Fall."	Hebräer 10,24	Lasst uns aufeinander achthaben und einander anspornen zur Liebe und zu guten Werken.
27.08.2018	Montag		2.Mose 15,13	Du hast geleitet durch deine Barmherzigkeit dein Volk, das du erlöst hast.	Epheser 5,2	Führt euer Leben in der Liebe, wie auch Christus uns geliebt und sich für uns hingegeben hat.
28.08.2018	Dienstag		Psalm 97,1	"Der HERR ist König; des freue sich das Erdreich und seien fröhlich die Inseln, so viel ihrer sind."	Offenbarung 15,3-4	Groß und wunderbar sind deine Werke, Herr, allmächtiger Gott! Gerecht und wahrhaftig sind deine Wege, du König der Völker. Wer sollte dich, Herr, nicht fürchten und deinen Namen nicht preisen?
29.08.2018	Mittwoch		Jesaja 62,6	O Jerusalem, ich habe Wächter über deine Mauern bestellt, die den ganzen Tag und die ganze Nacht nicht mehr schweigen sollen.	Apostelgeschichte 1,8	Ihr werdet die Kraft des Heiligen Geistes empfangen, der auf euch kommen wird, und werdet meine Zeugen sein in Jerusalem und in ganz Judäa und Samarien und bis an das Ende der Erde.
30.08.2018	Donnerstag		2.Mose 16,11-12	Der HERR sprach zu Mose: Ich habe das Murren der Israeliten gehört. Sage ihnen: Gegen Abend sollt ihr Fleisch zu essen haben und am Morgen von Brot satt werden und sollt innewerden, dass ich, der HERR, euer Gott bin.	Johannes 6,8-10	"/Andreas spricht zu Jesus:/ Es ist ein Knabe hier, der hat fünf Gerstenbrote und zwei Fische; aber was ist das für so viele? Jesus aber sprach: Lasst die Leute sich lagern."
31.08.2018	Freitag		1.Samuel 3,4	Der HERR rief Samuel. Er aber antwortete: Siehe, hier bin ich!	Markus 1,19.20	Jesus sah Jakobus, den Sohn des Zebedäus, und Johannes, seinen Bruder, wie sie im Boot die Netze flickten. Und alsbald rief er sie und sie folgten ihm nach.
01.09.2018	Samstag		2.Mose 23,9	Einen Fremden sollst du nicht quälen. Denn ihr wisst, wie dem Fremden zumute ist, seid ihr doch selbst Fremde gewesen im Land Ägypten.	Matthäus 2,14	Josef stand auf und nahm das Kindlein und seine Mutter mit sich bei Nacht und entwich nach Ägypten.
02.09.2018	Sonntag	14. Sonntag nach Trinitatis	Psalm 22,27	"Die Elenden sollen essen, dass sie satt werden; und die nach dem HERRN fragen, werden ihn preisen."	Johannes 6,35	"/Jesus spricht:/ Ich bin das Brot des Lebens. Wer zu mir kommt, den wird nicht hungern; und wer an mich glaubt, den wird nimmermehr dürsten."
03.09.2018	Montag		Jeremia 31,18	"Bekehre du mich, so will ich mich bekehren; denn du, HERR, bist mein Gott!"	Epheser 4,23	Erneuert euch in eurem Geist und Sinn.
04.09.2018	Dienstag		1.Samuel 3,18	"Es ist der HERR; er tue, was ihm wohlgefällt."	Matthäus 6,10	Dein Wille geschehe wie im Himmel so auf Erden.
05.09.2018	Mittwoch		Jeremia 3,22	"Kehrt zurück, ihr abtrünnigen Kinder, so will ich euch heilen von eurem Ungehorsam. – Siehe, wir kommen zu dir; denn du bist der HERR, unser Gott."	Galater 4,6	Weil ihr nun Kinder seid, hat Gott den Geist seines Sohnes gesandt in unsre Herzen, der da ruft: Abba, lieber Vater!
06.09.2018	Donnerstag		Sprüche 3,25.26	"Fürchte dich nicht vor plötzlichem Schrecken; denn der HERR ist deine Zuversicht."	Epheser 6,10	Seid stark in dem Herrn und in der Macht seiner Stärke.
07.09.2018	Freitag		5.Mose 15,11	Ich gebiete dir und sage, dass du deine Hand auftust deinem Bruder, der bedrängt und arm ist.	1.Johannes 3,18	Lasst uns nicht lieben mit Worten noch mit der Zunge, sondern mit der Tat und mit der Wahrheit.
08.09.2018	Samstag		Hesekiel 34,30	Sie sollen erfahren, dass ich, der HERR, ihr Gott, bei ihnen bin und dass die vom Hause Israel mein Volk sind, spricht Gott der HERR.	Johannes 15,16	/Jesus spricht:/ Nicht ihr habt mich erwählt, sondern ich habe euch erwählt und bestimmt, dass ihr hingeht und Frucht bringt.
09.09.2018	Sonntag	15. Sonntag nach Trinitatis	Psalm 51,19	Ein geängstetes, zerschlagenes Herz wirst du, Gott, nicht verachten.	Markus 2,17	/Jesus spricht:/ Nicht die Starken bedürfen des Arztes, sondern die Kranken. Ich bin nicht gekommen, Gerechte zu rufen, sondern Sünder.
10.09.2018	Montag		Jeremia 15,20	Ich bin bei dir, dass ich dir helfe und dich errette, spricht der HERR.	Johannes 14,1	/Jesus spricht:/ Euer Herz erschrecke nicht! Glaubt an Gott und glaubt an mich!
11.09.2018	Dienstag		Psalm 91,4	Gottes Wahrheit ist Schirm und Schild.	2.Thessalonicher 3,3	"Der Herr ist treu; der wird euch stärken und bewahren vor dem Bösen."
12.09.2018	Mittwoch		Psalm 57,2	Sei mir gnädig, Gott, sei mir gnädig! Denn auf dich traut meine Seele.	1.Johannes 2,12	Liebe Kinder, ich schreibe euch, dass euch die Sünden vergeben sind um seines Namens willen.
13.09.2018	Donnerstag		2.Mose 23,20	/Der HERR spricht:/ Siehe, ich sende einen Engel vor dir her, der dich behüte auf dem Wege und dich bringe an den Ort, den ich bestimmt habe.	2.Timotheus 4,18	Der Herr wird mich erlösen von allem Übel und mich retten in sein himmlisches Reich. Ihm sei Ehre.
14.09.2018	Freitag		Psalm 17,7	Beweise deine wunderbare Güte, du Heiland derer, die dir vertrauen.	Lukas 18, 7	Sollte Gott nicht Recht schaffen seinen Auserwählten, die zu ihm Tag und Nacht rufen?
15.09.2018	Samstag		Psalm 50,2-3	Aus Zion bricht an der schöne Glanz Gottes. Unser Gott kommt und schweiget nicht.	Hebräer 1,1-2	Nachdem Gott vorzeiten vielfach und auf vielerlei Weise geredet hat zu den Vätern durch die Propheten, hat er zuletzt in diesen Tagen zu uns geredet durch den Sohn.
16.09.2018	Sonntag	16. Sonntag nach Trinitatis	Psalm 90,13	HERR, kehre dich doch endlich wieder zu uns und sei deinen Knechten gnädig!	Johannes 16,22	"/Jesus spricht:/ Ihr habt nun Traurigkeit; aber ich will euch wiedersehen, und euer Herz soll sich freuen, und eure Freude soll niemand von euch nehmen."
17.09.2018	Montag		Hesekiel 37,23	Ich will sie retten von allen ihren Abwegen, auf denen sie gesündigt haben, und will sie reinigen, und sie sollen mein Volk sein.	Offenbarung 1,5-6	Ihm, der uns liebt und uns erlöst hat von unsern Sünden mit seinem Blut und uns zu einem Königreich gemacht hat, zu Priestern vor Gott und seinem Vater, dem sei Ehre und Gewalt von Ewigkeit zu Ewigkeit!
18.09.2018	Dienstag		1.Samuel 3,9	Rede, HERR, denn dein Knecht hört.	1.Johannes 2,24	Was ihr gehört habt von Anfang an, das bleibe in euch.
19.09.2018	Mittwoch		Psalm 65,8	Du stillst das Brausen des Meeres und das Toben der Völker.	Philipper 4,7	Der Friede Gottes, der höher ist als alle Vernunft, wird eure Herzen und Sinne in Christus Jesus bewahren.
20.09.2018	Donnerstag		Psalm 49,16	"Gott wird mich erlösen aus des Todes Gewalt; denn er nimmt mich auf."	2.Timotheus 1,10	Christus Jesus hat dem Tode die Macht genommen und das Leben und ein unvergängliches Wesen ans Licht gebracht durch das Evangelium.
21.09.2018	Freitag		1.Mose 2,15	Gott der HERR nahm den Menschen und setzte ihn in den Garten Eden, dass er ihn bebaute und bewahrte.	Matthäus 5,5	"Selig sind die Sanftmütigen; denn sie werden das Erdreich besitzen."
22.09.2018	Samstag		5.Mose 32,4	Treu ist Gott und kein Böses an ihm, gerecht und wahrhaftig ist er.	1.Johannes 1,5	Das ist die Botschaft, die wir von ihm gehört haben und euch verkündigen: Gott ist Licht, und in ihm ist keine Finsternis.
23.09.2018	Sonntag	17. Sonntag nach Trinitatis	Jeremia 31,34	Ich will ihnen ihre Missetat vergeben und ihrer Sünde nimmermehr gedenken.	1.Johannes 2,1	/Johannes schreibt:/ Meine Kinder, dies schreibe ich euch, damit ihr nicht sündigt. Und wenn jemand sündigt, so haben wir einen Fürsprecher bei dem Vater, Jesus Christus, der gerecht ist.
24.09.2018	Montag		5.Mose 30,9	Der HERR, dein Gott, wird dir Glück geben zu allen Werken deiner Hände.	Philipper 2,13	Gott ist’s, der in euch wirkt beides, das Wollen und das Vollbringen, nach seinem Wohlgefallen.
25.09.2018	Dienstag		1.Mose 28,15	/Der Herr sprach zu Jakob:/ Ich will dich nicht verlassen, bis ich alles tue, was ich dir zugesagt habe.	Hebräer 11,21	Durch den Glauben segnete Jakob, als er starb, die beiden Söhne Josefs.
26.09.2018	Mittwoch		Sprüche 3,26	Der HERR wird deinen Fuß vor der Falle bewahren.	Römer 8,37	Wir überwinden weit durch den, der uns geliebt hat.
27.09.2018	Donnerstag		Hosea 11,8.9	Mein Herz wendet sich gegen mich, all mein Mitleid ist entbrannt. Ich will nicht tun nach meinem grimmigen Zorn. Denn ich bin Gott und nicht ein Mensch, heilig in deiner Mitte.	Römer 5,20	Wo die Sünde mächtig geworden ist, da ist doch die Gnade noch viel mächtiger geworden.
28.09.2018	Freitag		Psalm 66,20	Gelobt sei Gott, der mein Gebet nicht verwirft noch seine Güte von mir wendet.	Matthäus 6,8	Euer Vater weiß, was ihr bedürft, bevor ihr ihn bittet.
29.09.2018	Samstag	Michaelistag	Sacharja 8,13	Fürchtet euch nur nicht und stärkt eure Hände!	Apostelgeschichte 27,23-24	"/Paulus sprach zu den Mitreisenden:/ Diese Nacht trat zu mir der Engel des Gottes, dem ich gehöre und dem ich diene, und sprach: Fürchte dich nicht, Paulus, du musst vor den Kaiser gestellt werden; und siehe, Gott hat dir geschenkt alle, die mit dir fahren."
30.09.2018	Sonntag	18. Sonntag nach Trinitatis	Psalm 118,5	"In der Angst rief ich den HERRN an; und der HERR erhörte mich und tröstete mich."	Epheser 3,12	Durch Christus Jesus haben wir Freimut und Zugang in aller Zuversicht durch den Glauben an ihn.
01.10.2018	Montag		Psalm 90,17	Der Herr, unser Gott, sei uns freundlich und fördere das Werk unsrer Hände bei uns. Ja, das Werk unsrer Hände wollest du fördern!	Johannes 15,5	/Jesus spricht:/ Ich bin der Weinstock, ihr seid die Reben. Wer in mir bleibt und ich in ihm, der bringt viel Frucht.
02.10.2018	Dienstag		1.Samuel 24,20	/Saul sprach zu David:/ Wo ist jemand, der seinen Feind findet und lässt ihn im Guten seinen Weg gehen? Der HERR vergelte dir Gutes für das, was du heute an mir getan hast!	Matthäus 5,25	Vertrage dich mit deinem Widersacher sogleich, solange du noch mit ihm auf dem Weg bist.
03.10.2018	Mittwoch		Jesaja 45,17	Israel aber wird errettet durch den HERRN mit einer ewigen Rettung, und ihr werdet nicht zuschanden noch zu Spott immer und ewiglich.	Jakobus 5,8	"Seid auch ihr geduldig und stärkt eure Herzen; denn das Kommen des Herrn ist nahe."
04.10.2018	Donnerstag		5.Mose 29,17	Lasst unter euch nicht eine Wurzel aufwachsen, die da Gift und Wermut hervorbringt.	Epheser 4,31-32	Alle Bitterkeit und Grimm und Zorn und Geschrei und Lästerung seien fern von euch samt aller Bosheit. Seid aber untereinander freundlich und herzlich und vergebt einer dem andern, wie auch Gott euch vergeben hat in Christus.
05.10.2018	Freitag		Micha 5,4	Er wird der Friede sein.	2.Thessalonicher 3,16	Der Herr des Friedens gebe euch Frieden allezeit und auf alle Weise. Der Herr sei mit euch allen!
06.10.2018	Samstag		Psalm 111,1	Halleluja! Ich danke dem HERRN von ganzem Herzen im Rate der Frommen und in der Gemeinde.	Kolosser 3,16	"Lehrt und ermahnt einander in aller Weisheit; mit Psalmen, Lobgesängen und geistlichen Liedern singt Gott dankbar in euren Herzen."
07.10.2018	Sonntag	Erntedankfest	Hosea 11,3	Ich hatte Ephraim laufen gelehrt und sie auf meine Arme genommen. Aber sie merkten nicht, dass ich sie heilte.	2.Petrus 3,15	Die Geduld unseres Herrn erachtet für eure Rettung.
08.10.2018	Montag		1.Samuel 23,16	Jonathan ging hin zu David und stärkte sein Vertrauen auf Gott.	Epheser 4,3	Seid darauf bedacht, zu wahren die Einigkeit im Geist durch das Band des Friedens.
09.10.2018	Dienstag		Psalm 16,8	Steht der HERR mir zur Rechten, so wanke ich nicht.	Hebräer 11,27	"Durch den Glauben verließ Mose Ägypten und fürchtete nicht den Zorn des Königs; denn er hielt sich an den, den er nicht sah, als sähe er ihn."
10.10.2018	Mittwoch		Hiob 33,13-14	"Warum willst du mit Gott hadern, weil er auf Menschenworte nicht Antwort gibt? Denn auf eine Weise redet Gott und auf eine zweite; nur beachtet man’s nicht."	Lukas 24,32	Die Jünger sprachen untereinander: Brannte nicht unser Herz in uns, da er mit uns redete auf dem Wege und uns die Schrift öffnete?
11.10.2018	Donnerstag		Jeremia 9,22-23	So spricht der HERR: Ein Weiser rühme sich nicht seiner Weisheit, ein Starker rühme sich nicht seiner Stärke, ein Reicher rühme sich nicht seines Reichtums. Sondern wer sich rühmen will, der rühme sich dessen, dass er klug sei und mich kenne.	Galater 6,3-4	Wenn jemand meint, er sei etwas, obwohl er doch nichts ist, der betrügt sich selbst. Ein jeder aber prüfe sein eigenes Werk.
12.10.2018	Freitag		3.Mose 26,5	Ihr sollt Brot die Fülle haben und sollt sicher in eurem Lande wohnen.	Johannes 10,10	/Jesus spricht:/ Ich bin gekommen, damit sie das Leben haben und volle Genüge.
13.10.2018	Samstag		Psalm 95,2-3	Lasst uns mit Danken vor sein Angesicht kommen und mit Psalmen ihm jauchzen! Denn der HERR ist ein großer Gott.	Römer 15,5-6	Der Gott der Geduld und des Trostes gebe euch, dass ihr einträchtig gesinnt seid untereinander, wie es Christus Jesus entspricht, damit ihr einmütig mit einem Munde Gott lobt, den Vater unseres Herrn Jesus Christus.
14.10.2018	Sonntag	20. Sonntag nach Trinitatis	4.Mose 11,29	Wollte Gott, dass alle im Volk des HERRN Propheten wären und der HERR seinen Geist über sie kommen ließe!	Johannes 20,22	/Jesus spricht zu den Jüngern:/ Nehmt hin den Heiligen Geist!
15.10.2018	Montag		Josua 24,23	Tut von euch die fremden Götter, die unter euch sind, und neigt euer Herz zu dem HERRN.	Epheser 5,8	Lebt als Kinder des Lichts.
16.10.2018	Dienstag		Sprüche 21,3	Recht und Gerechtigkeit tun ist dem HERRN lieber als Opfer.	Johannes 7,24	Richtet nicht nach dem, was vor Augen ist, sondern richtet gerecht.
17.10.2018	Mittwoch		Jesaja 9,6	Seine Herrschaft wird groß und des Friedens kein Ende sein.	Hebräer 13,8	Jesus Christus gestern und heute und derselbe auch in Ewigkeit.
18.10.2018	Donnerstag		1.Samuel 17,37	Geh hin, der HERR sei mit dir!	1.Korinther 10,31	Was ihr auch tut, das tut alles zu Gottes Ehre.
19.10.2018	Freitag		1.Mose 6,9	"Noah war ein frommer Mann und ohne Tadel zu seinen Zeiten; er wandelte mit Gott."	Matthäus 5,16	Lasst euer Licht leuchten vor den Leuten, damit sie eure guten Werke sehen und euren Vater im Himmel preisen.
20.10.2018	Samstag		Amos 4,11	"Ihr wart wie ein Brandscheit, das aus dem Feuer gerissen wird; dennoch seid ihr nicht umgekehrt zu mir, spricht der HERR."	Römer 3,3-4	Wenn einige untreu wurden, hebt dann ihre Untreue Gottes Treue auf? Das sei ferne! Es bleibe vielmehr so: Gott ist wahrhaftig.
21.10.2018	Sonntag	21. Sonntag nach Trinitatis	Prediger 8,15	Ich pries die Freude, dass der Mensch nichts Besseres hat unter der Sonne, als zu essen und zu trinken und fröhlich zu sein. Das bleibt ihm bei seinem Mühen sein Leben lang, das Gott ihm gibt unter der Sonne.	1.Timotheus 4,4	Alles, was Gott geschaffen hat, ist gut, und nichts ist verwerflich, was mit Danksagung empfangen wird.
22.10.2018	Montag		Jesaja 26,8	Wir warten auf dich, HERR, auch auf dem Wege deiner Gerichte.	1.Petrus 5,6	So demütigt euch nun unter die gewaltige Hand Gottes, damit er euch erhöhe zu seiner Zeit.
23.10.2018	Dienstag		5.Mose 29,28	"Was verborgen ist, ist des HERRN, unseres Gottes; was aber offenbart ist, das gilt uns und unsern Kindern ewiglich."	Johannes 4,42	"/Die Samaritaner sprachen zu der Frau:/ Nun glauben wir nicht mehr um deiner Rede willen; denn wir haben selber gehört und erkannt: Dieser ist wahrlich der Welt Heiland."
24.10.2018	Mittwoch		Jeremia 16,20	Wie kann ein Mensch sich Götter machen?	Kolosser 2,8	Seht zu, dass euch niemand einfange durch die Philosophie und leeren Trug, die der Überlieferung der Menschen und den Elementen der Welt folgen und nicht Christus.
25.10.2018	Donnerstag		Psalm 77,12-13	Ich gedenke an die Taten des HERRN, ja, ich denke an deine früheren Wunder und sinne über alle deine Werke und denke deinen Taten nach.	Lukas 2,19	Maria behielt alle diese Worte und bewegte sie in ihrem Herzen.
26.10.2018	Freitag		Psalm 73,26	Wenn mir gleich Leib und Seele verschmachtet, so bist du doch, Gott, allezeit meines Herzens Trost und mein Teil.	Apostelgeschichte 23,11	In der Nacht stand der Herr bei Paulus und sprach: Sei getrost!
27.10.2018	Samstag		Jeremia 25,6	Lauft nicht anderen Göttern nach, um ihnen zu dienen und um euch vor ihnen niederzuwerfen, und reizt mich nicht mit dem Machwerk eurer Hände.	Hebräer 12,1-2	Lasst uns ablegen alles, was uns beschwert, und die Sünde, die uns umstrickt. Lasst uns laufen mit Geduld in dem Kampf, der uns bestimmt ist, und aufsehen zu Jesus, dem Anfänger und Vollender des Glaubens.
28.10.2018	Sonntag	22. Sonntag nach Trinitatis	1.Mose 12,1.2	/Der HERR sprach zu Abram:/ Ich will dich segnen, und du sollst ein Segen sein.	1.Petrus 3,9	Vergeltet nicht Böses mit Bösem oder Scheltwort mit Scheltwort, sondern segnet vielmehr, weil ihr dazu berufen seid, dass ihr Segen erbt.
29.10.2018	Montag		Jeremia 1,17	So mache dich auf und predige ihnen alles, was ich dir gebiete.	Epheser 6,14-15	So steht nun fest, umgürtet an euren Lenden mit Wahrheit und angetan mit dem Panzer der Gerechtigkeit und beschuht an den Füßen, bereit für das Evangelium des Friedens.
30.10.2018	Dienstag		Sprüche 16,33	"Der Mensch wirft das Los; aber es fällt, wie der HERR will."	Matthäus 6,33	Trachtet zuerst nach dem Reich Gottes und nach seiner Gerechtigkeit, so wird euch das alles zufallen.
31.10.2018	Mittwoch	Reformationstag	2.Mose 32,11.12	Mose wollte den Herrn, seinen Gott, besänftigen und sprach: Ach HERR, kehre dich ab von deinem glühenden Zorn und lass dich des Unheils gereuen, das du über dein Volk bringen willst.	Römer 8,34	Wer will verdammen? Christus Jesus ist hier, der gestorben ist, ja vielmehr, der auch auferweckt ist, der zur Rechten Gottes ist und für uns eintritt.
01.11.2018	Donnerstag		Psalm 35,18	"Ich will dir danken in großer Gemeinde; unter vielem Volk will ich dich rühmen."	Philipper 2,11	Alle Zungen sollen bekennen, dass Jesus Christus der Herr ist, zur Ehre Gottes, des Vaters.
02.11.2018	Freitag		Nehemia 12,43	"Gott hatte sie mit großer Freude erfüllt; und auch die Frauen und die Kinder freuten sich. Und noch von ferne war die Freude Jerusalems zu hören."	Philipper 4,4	/Paulus schreibt:/ Freuet euch in dem Herrn allewege, und abermals sage ich: Freuet euch!
03.11.2018	Samstag		Psalm 23,4	"Ob ich schon wanderte im finstern Tal, fürchte ich kein Unglück; denn du bist bei mir, dein Stecken und Stab trösten mich."	2.Korinther 1,5	Wie die Leiden Christi reichlich über uns kommen, so werden wir auch reichlich getröstet durch Christus.
04.11.2018	Sonntag	23. Sonntag nach Trinitatis	5.Mose 6,5	Du sollst den HERRN, deinen Gott, lieb haben von ganzem Herzen, von ganzer Seele und mit all deiner Kraft.	Epheser 3,17	/Paulus schreibt:/ Ich bitte den Vater, dass Christus durch den Glauben in euren Herzen Wohnung nimmt und ihr in der Liebe tief verwurzelt und fest gegründet seid.
05.11.2018	Montag		Psalm 54,8	Mit Freuden will ich dir Opfer bringen und deinem Namen, HERR, danken, dass er so tröstlich ist.	2.Korinther 1,3	Gelobt sei Gott, der Vater unseres Herrn Jesus Christus, der Vater der Barmherzigkeit und Gott allen Trostes.
06.11.2018	Dienstag		Psalm 92,5	HERR, du lässest mich fröhlich singen von deinen Werken, und ich rühme die Taten deiner Hände.	Lukas 5,24-25	Jesus sprach zu dem Gelähmten: Ich sage dir, steh auf, nimm dein Bett und geh heim! Und sogleich stand er auf vor ihren Augen und nahm das Bett, auf dem er gelegen hatte, und ging heim und pries Gott.
07.11.2018	Mittwoch		Psalm 40,9	Deinen Willen, mein Gott, tue ich gern, und dein Gesetz hab ich in meinem Herzen.	1.Johannes 5,3	"Das ist die Liebe zu Gott, dass wir seine Gebote halten; und seine Gebote sind nicht schwer."
08.11.2018	Donnerstag		2.Chronik 18,4	Frage doch zuerst nach dem Wort des HERRN!	2.Timotheus 3,14	Bleibe bei dem, was du gelernt hast und was dir anvertraut ist.
09.11.2018	Freitag		1.Könige 8,57	Der HERR, unser Gott, sei mit uns, wie er mit unseren Vorfahren war.	Hebräer 6,12	Tut es denen gleich, die durch Glauben und Geduld die Verheißungen erben.
10.11.2018	Samstag		Psalm 106,1	"Danket dem HERRN; denn er ist freundlich, und seine Güte währet ewiglich."	Titus 2,11	Es ist erschienen die heilsame Gnade Gottes allen Menschen.
11.11.2018	Sonntag	Drittletzter Sonntag des Kirchenjahres	2.Mose 20,2	Ich bin der HERR, dein Gott, der ich dich aus Ägyptenland, aus der Knechtschaft, geführt habe.	Apostelgeschichte 16,40	Da gingen Paulus und Silas aus dem Gefängnis und gingen zu der Lydia. Und als sie die Brüder und Schwestern gesehen und sie getröstet hatten, zogen sie fort.
12.11.2018	Montag		1.Chronik 29,5	Wer ist bereit, dem HERRN heute eine Gabe zu bringen?	2.Korinther 9,6	"Wer da kärglich sät, der wird auch kärglich ernten; und wer da sät im Segen, der wird auch ernten im Segen."
13.11.2018	Dienstag		2.Mose 19,4	/Der HERR spricht:/ Ihr habt gesehen, wie ich euch getragen habe auf Adlerflügeln und euch zu mir gebracht.	Epheser 3,20-21	Dem, der überschwänglich tun kann über alles hinaus, was wir bitten oder verstehen, nach der Kraft, die in uns wirkt, dem sei Ehre in der Gemeinde und in Christus Jesus durch alle Geschlechter.
14.11.2018	Mittwoch		Jesaja 45,8	Träufelt, ihr Himmel, von oben, und ihr Wolken, regnet Gerechtigkeit! Die Erde tue sich auf und bringe Heil, und Gerechtigkeit wachse mit auf! Ich, der HERR, erschaffe es.	2.Korinther 6,2	Siehe, jetzt ist die willkommene Zeit, siehe, jetzt ist der Tag des Heils!
15.11.2018	Donnerstag		Psalm 28,8	Der HERR ist seines Volkes Stärke.	1.Korinther 15,57	Gott sei Dank, der uns den Sieg gibt durch unsern Herrn Jesus Christus!
16.11.2018	Freitag		1.Samuel 2,2	Es ist kein Fels, wie unser Gott ist.	Matthäus 7,24	/Jesus spricht:/ Wer diese meine Rede hört und tut sie, der gleicht einem klugen Mann, der sein Haus auf Fels baute.
17.11.2018	Samstag		Jesaja 60,20	Die Tage deiner Trauer werden ein Ende haben.	Offenbarung 7,17	Gott wird abwischen alle Tränen von ihren Augen.
18.11.2018	Sonntag	Vorletzter Sonntag des Kirchenjahres	Psalm 50,23	Wer Dank opfert, der preiset mich, und da ist der Weg, dass ich ihm zeige das Heil Gottes.	1.Thessalonicher 5,18	"Seid dankbar in allen Dingen; denn das ist der Wille Gottes in Christus Jesus für euch."
19.11.2018	Montag		Josua 1,5	Ich will dich nicht verlassen noch von dir weichen.	Johannes 16,20	/Jesus spricht:/ Eure Traurigkeit soll zur Freude werden.
20.11.2018	Dienstag		Psalm 121,8	Der HERR behüte deinen Ausgang und Eingang von nun an bis in Ewigkeit!	Hebräer 13,14	Wir haben hier keine bleibende Stadt, sondern die zukünftige suchen wir.
21.11.2018	Mittwoch	Buß- und Bettag	Sprüche 16,8	Besser wenig mit Gerechtigkeit als viel Einkommen mit Unrecht.	1.Thessalonicher 4,6	Niemand gehe zu weit und übervorteile seinen Bruder im Handel. Denn der Herr straft dies alles.
22.11.2018	Donnerstag		2.Chronik 15,2	Wenn ihr den HERRN sucht, wird er sich von euch finden lassen.	Matthäus 7,7	Klopfet an, so wird euch aufgetan.
23.11.2018	Freitag		Jeremia 23,29	Ist mein Wort nicht wie ein Feuer, spricht der HERR, und wie ein Hammer, der Felsen zerschmeißt?	Apostelgeschichte 4,31	"Als sie gebetet hatten, erbebte die Stätte, wo sie versammelt waren; und sie wurden alle vom Heiligen Geist erfüllt und redeten das Wort Gottes mit Freimut."
24.11.2018	Samstag		Psalm 103,6	Der HERR schafft Gerechtigkeit und Recht allen, die Unrecht leiden.	Offenbarung 21,3-4	"Siehe da, die Hütte Gottes bei den Menschen! Und er wird bei ihnen wohnen, und sie werden seine Völker sein und er selbst, Gott mit ihnen, wird ihr Gott sein; und Gott wird abwischen alle Tränen von ihren Augen."
25.11.2018	Sonntag	Letzter Sonntag des Kirchenjahres (Ewigkeitssonntag)	Psalm 96,1	"Singet dem HERRN ein neues Lied; singet dem HERRN, alle Welt!"	Offenbarung 7,9-10	"Eine große Schar, die niemand zählen konnte, aus allen Nationen und Stämmen und Völkern und Sprachen; die standen vor dem Thron und vor dem Lamm, angetan mit weißen Kleidern und mit Palmzweigen in ihren Händen, und riefen mit großer Stimme: Das Heil ist bei unserm Gott, der auf dem Thron sitzt, und bei dem Lamm!"
26.11.2018	Montag		Psalm 146,9	Der HERR behütet die Fremdlinge und erhält Waisen und Witwen.	Lukas 1,52-54	/Maria sprach:/ Er erhebt die Niedrigen. Die Hungrigen füllt er mit Gütern und lässt die Reichen leer ausgehen. Er gedenkt der Barmherzigkeit und hilft seinem Diener Israel auf.
27.11.2018	Dienstag		Jesaja 58,7	Brich dem Hungrigen dein Brot!	Hebräer 13,16	"Gutes zu tun und mit andern zu teilen vergesst nicht; denn solche Opfer gefallen Gott."
28.11.2018	Mittwoch		1.Könige 8,29	Lass deine Augen offen stehen über diesem Hause Nacht und Tag, über der Stätte, von der du gesagt hast: Da soll mein Name sein.	Epheser 2,19	Ihr seid nun nicht mehr Gäste und Fremdlinge, sondern Mitbürger der Heiligen und Gottes Hausgenossen.
29.11.2018	Donnerstag		Psalm 39,5	HERR, lehre doch mich, dass es ein Ende mit mir haben muss und mein Leben ein Ziel hat und ich davon muss.	Offenbarung 1,17-18	Fürchte dich nicht! Ich bin der Erste und der Letzte und der Lebendige. Ich war tot, und siehe, ich bin lebendig von Ewigkeit zu Ewigkeit und habe die Schlüssel des Todes und der Hölle.
30.11.2018	Freitag		5.Mose 28,1.6	Wenn du der Stimme des HERRN, deines Gottes, gehorchen wirst: Gesegnet wirst du sein bei deinem Eingang und gesegnet bei deinem Ausgang.	Apostelgeschichte 16,9-10	Paulus sah eine Erscheinung bei Nacht: Ein Mann aus Makedonien stand da und bat ihn: Komm herüber nach Makedonien und hilf uns! Als er aber die Erscheinung gesehen hatte, da suchten wir sogleich nach Makedonien zu reisen, gewiss, dass uns Gott dahin berufen hatte, ihnen das Evangelium zu predigen.
01.12.2018	Samstag		Psalm 70,5	Die dein Heil lieben, lass allewege sagen: Hoch gelobt sei Gott!	Lukas 13,17	Alles Volk freute sich über alle herrlichen Taten, die durch Jesus geschahen.
02.12.2018	Sonntag	1. Sonntag im Advent	Hesekiel 14,6	So spricht Gott der HERR: Kehrt um und wendet euch ab von euren Götzen.	Markus 12,32-33	"/Der Schriftgelehrte sprach zu Jesus:/ Ja, Meister, du hast recht geredet! Er ist einer, und ist kein anderer außer ihm; und ihn lieben von ganzem Herzen, von ganzem Gemüt und von aller Kraft, und seinen Nächsten lieben wie sich selbst, das ist mehr als alle Brandopfer und Schlachtopfer."
03.12.2018	Montag		1.Samuel 2,8	Der HERR hebt auf den Dürftigen aus dem Staub.	Lukas 15,5	Wenn der Hirte das verlorene Schaf gefunden hat, so legt er sich’s auf die Schultern voller Freude.
04.12.2018	Dienstag		Hesekiel 18,32	Bekehrt euch, so werdet ihr leben.	Epheser 4,24	Zieht den neuen Menschen an, der nach Gott geschaffen ist in wahrer Gerechtigkeit und Heiligkeit.
05.12.2018	Mittwoch		Psalm 121,5-6	"Der HERR behütet dich; der HERR ist dein Schatten über deiner rechten Hand, dass dich des Tages die Sonne nicht steche noch der Mond des Nachts."	1.Korinther 1,8	Jesus Christus wird euch auch fest machen bis ans Ende, dass ihr untadelig seid am Tag unseres Herrn Jesus Christus.
06.12.2018	Donnerstag		Psalm 60,13	"Schaff uns Beistand in der Not; denn Menschenhilfe ist nichts nütze."	Johannes 6,68-69	"Herr, wohin sollen wir gehen? Du hast Worte des ewigen Lebens; und wir haben geglaubt und erkannt: Du bist der Heilige Gottes."
07.12.2018	Freitag		2.Könige 19,15	HERR, du bist allein Gott über alle Königreiche auf Erden, du hast Himmel und Erde gemacht.	Offenbarung 15,4	Du allein bist heilig! Ja, alle Völker werden kommen und anbeten vor dir, denn deine Urteile sind offenbar geworden.
08.12.2018	Samstag		Hiob 42,5-6	"/Hiob sprach zu Gott:/ Ich hatte von dir nur vom Hörensagen vernommen; aber nun hat mein Auge dich gesehen. Darum gebe ich auf und bereue in Staub und Asche."	Matthäus 26,75	Petrus dachte an das Wort, das Jesus zu ihm gesagt hatte: Ehe der Hahn kräht, wirst du mich dreimal verleugnen. Und er ging hinaus und weinte bitterlich.
09.12.2018	Sonntag	2. Sonntag im Advent	Jesaja 44,25	Ich bin der HERR, der die Zeichen der Wahrsager zunichte macht und die Weissager zu Narren.	1.Johannes 4,1	Ihr Lieben, glaubt nicht einem jeden Geist, sondern prüft die Geister, ob sie von Gott sind.
10.12.2018	Montag		Psalm 63,5	Ich will dich loben mein Leben lang und meine Hände in deinem Namen aufheben.	1.Timotheus 2,1	/Paulus schreibt:/ Ich bitte euch nun, vor Gott einzutreten für alle Menschen in Bitte, Gebet, Fürbitte und Danksagung.
11.12.2018	Dienstag		Jesaja 49,13	"Jauchzet, ihr Himmel; freue dich, Erde! Lobet, ihr Berge, mit Jauchzen! Denn der HERR hat sein Volk getröstet und erbarmt sich seiner Elenden."	1.Korinther 1,30	Christus Jesus wurde für uns zur Weisheit durch Gott und zur Gerechtigkeit und zur Heiligung und zur Erlösung.
12.12.2018	Mittwoch		Hiob 16,19	Siehe, auch jetzt noch ist mein Zeuge im Himmel, und mein Fürsprecher ist in der Höhe.	2.Timotheus 4,16-17	/Paulus schreibt:/ Bei meinem ersten Verhör stand mir niemand bei, sondern sie verließen mich alle. Es sei ihnen nicht zugerechnet. Der Herr aber stand mir bei und stärkte mich.
13.12.2018	Donnerstag		Jesaja 44,22	Ich tilge deine Missetat wie eine Wolke und deine Sünden wie den Nebel. Kehre dich zu mir, denn ich erlöse dich!	Johannes 3,17	Gott hat seinen Sohn nicht in die Welt gesandt, dass er die Welt richte, sondern dass die Welt durch ihn gerettet werde.
14.12.2018	Freitag		Psalm 113,3	Vom Aufgang der Sonne bis zu ihrem Niedergang sei gelobet der Name des HERRN!	Lukas 1,68-69	Gelobt sei der Herr, der Gott Israels! Denn er hat besucht und erlöst sein Volk und hat uns aufgerichtet ein Horn des Heils.
15.12.2018	Samstag		Psalm 55,17	Ich will zu Gott rufen, und der HERR wird mir helfen.	Johannes 16,23	/Jesus spricht:/ Wenn ihr den Vater um etwas bitten werdet in meinem Namen, wird er’s euch geben.
16.12.2018	Sonntag	3. Sonntag im Advent	Psalm 38,5	"Meine Schuld ist mir über den Kopf gewachsen; sie wiegt zu schwer, ich kann sie nicht mehr tragen."	Matthäus 1,21	/Der Engel sprach zu Josef:/ Maria wird einen Sohn gebären, dem sollst du den Namen Jesus geben, denn er wird sein Volk retten von ihren Sünden.
17.12.2018	Montag		Jesaja 43,20	Ich will in der Wüste Wasser und in der Einöde Ströme geben, zu tränken mein Volk, meine Auserwählten.	Johannes 7,37	/Jesus spricht:/ Wen da dürstet, der komme zu mir und trinke!
18.12.2018	Dienstag		1.Mose 15,6	Abram glaubte dem HERRN, und das rechnete er ihm zur Gerechtigkeit.	Römer 4,20-21	Abraham wurde stark im Glauben und gab Gott die Ehre und wusste aufs Allergewisseste: Was Gott verheißt, das kann er auch tun.
19.12.2018	Mittwoch		Psalm 19,8	Das Zeugnis des HERRN ist gewiss und macht die Unverständigen weise.	1.Johannes 3,24	Wer seine Gebote hält, der bleibt in Gott und Gott in ihm. Und daran erkennen wir, dass er in uns bleibt: an dem Geist, den er uns gegeben hat.
20.12.2018	Donnerstag		Psalm 9,3	Ich freue mich und bin fröhlich in dir und lobe deinen Namen, du Allerhöchster.	Lukas 1,46-47	Maria sprach: Meine Seele erhebt den Herrn, und mein Geist freuet sich Gottes, meines Heilandes.
21.12.2018	Freitag		Sprüche 10,7	Das Andenken des Gerechten bleibt im Segen.	Matthäus 13,43	Die Gerechten werden leuchten wie die Sonne in ihres Vaters Reich.
22.12.2018	Samstag		Psalm 2,12	Wohl allen, die auf ihn trauen!	2.Timotheus 1,12	/Paulus schreibt:/ Ich weiß, an wen ich glaube, und bin gewiss, dass er bewahren kann, was mir anvertraut ist, bis an jenen Tag.
23.12.2018	Sonntag	4. Sonntag im Advent	Psalm 34,8	Der Engel des HERRN lagert sich um die her, die ihn fürchten, und hilft ihnen heraus.	Lukas 2,9-10	"Des Herrn Engel trat zu den Hirten, und die Klarheit des Herrn leuchtete um sie; und sie fürchteten sich sehr. Und der Engel sprach zu ihnen: Fürchtet euch nicht! Siehe, ich verkündige euch große Freude, die allem Volk widerfahren wird."
24.12.2018	Montag	Heiliger Abend	Psalm 28,1	Wenn ich rufe zu dir, HERR, mein Fels, so schweige doch nicht.	Lukas 2,11	Euch ist heute der Heiland geboren, welcher ist Christus, der Herr.
25.12.2018	Dienstag	Weihnachtsfest	Psalm 28,7	Auf den HERRN traut mein Herz, und mir ist geholfen. Nun ist mein Herz fröhlich, und ich will ihm danken mit meinem Lied.	Lukas 2,20	Die Hirten kehrten wieder um, priesen und lobten Gott für alles, was sie gehört und gesehen hatten, wie denn zu ihnen gesagt war.
26.12.2018	Mittwoch	2. Weihnachtstag	1.Mose 2,18	Gott der HERR sprach: Es ist nicht gut, dass der Mensch allein sei.	Lukas 2,28-30	"Simeon nahm das Kind Jesus auf seine Arme und lobte Gott und sprach: Herr, nun lässt du deinen Diener in Frieden fahren, wie du gesagt hast; denn meine Augen haben deinen Heiland gesehen."
27.12.2018	Donnerstag		5.Mose 11,16	Hütet euch, dass sich euer Herz nicht betören lasse, dass ihr abfallt und dient andern Göttern und betet sie an.	Galater 5,1	Zur Freiheit hat uns Christus befreit! So steht nun fest und lasst euch nicht wieder das Joch der Knechtschaft auflegen!
28.12.2018	Freitag		Sprüche 15,13	"Ein fröhliches Herz macht ein fröhliches Angesicht; aber wenn das Herz bekümmert ist, entfällt auch der Mut."	2.Korinther 1,3.4	Gott, der Vater unseres Herrn Jesus Christus, tröstet uns in aller unserer Bedrängnis, damit wir auch trösten können, die in allerlei Bedrängnis sind.
29.12.2018	Samstag		Nehemia 8,10	"Seid nicht bekümmert; denn die Freude am HERRN ist eure Stärke."	Römer 15,13	Der Gott der Hoffnung erfülle euch mit aller Freude und Frieden im Glauben.
30.12.2018	Sonntag	1. Sonntag nach Weihnachten	Psalm 54,6	Siehe, Gott steht mir bei, der Herr erhält mein Leben.	Judas 24-25	Dem, der euch vor dem Straucheln behüten kann und euch untadelig hinstellen kann vor das Angesicht seiner Herrlichkeit mit Freuden, dem alleinigen Gott, unserm Heiland durch unsern Herrn Jesus Christus, sei Ehre und Majestät und Gewalt und Macht vor aller Zeit, jetzt und in alle Ewigkeit!
31.12.2018	Montag	Altjahrsabend	2.Samuel 7,25	/David betete:/ So bekräftige nun, HERR, Gott, das Wort in Ewigkeit, das du über deinen Knecht und über sein Haus geredet hast, und tu, wie du geredet hast!	2.Korinther 1,20	"Auf alle Gottesverheißungen ist in Jesus Christus das Ja; darum sprechen wir auch durch ihn das Amen. Gott zur Ehre."
